,Unnamed: 0, Latitude, Longitude, Status
0,0,52.347.277,484.719,doubt
1,1,52.382.417,4.885.611,doubt
2,2,52.378.049,4.823.713,success
3,3,52.383.771,4.871.866,success
4,4,52.367.455,4.862.214,success
5,5,5.236.685,4.885.493,success
6,6,52.362.457,4.979.589,doubt
7,7,52.356.321,4.838.934,success
8,8,52.349.665,4.797.743,success
9,9,5.235.008,4.922.676,success
10,10,52.341.869,489.344,success
11,11,52.356.458,4.869.726,success
12,12,52.332.122,4.888.758,success
13,13,52.349.873,4.903.033,doubt
14,14,52.371.294,4.879.935,success
15,15,52.353.543,4.902.691,success
16,16,5.238.313,4.877.624,success
17,17,52.295.758,4.969.133,success
18,18,52.363.891,4.876.734,success
19,19,52.343.066,4.897.824,doubt
20,20,52.366.516,4.891.502,success
21,21,52.358.039,4.859.196,success
22,22,52.371.387,490.253,success
23,23,52.361.416,4.862.565,success
24,24,52.384.635,4.884.627,success
25,25,52.378.507,4.801.399,doubt
26,26,52.345.615,4.859.659,doubt
27,27,52.362.122,4.898.975,success
28,28,52.355.141,4.837.472,success
29,29,52.355.141,4.837.472,success
30,30,52.362.398,486.615,doubt
31,31,52.364.293,4.899.411,doubt
32,32,489.973,doubt,
33,33,52.347.187,4.908.138,success
34,34,52.353.083,4.851.792,success
35,35,52.361.769,4.862.475,success
36,36,52.321.532,4.943.245,success
37,37,52.370.888,4.930.453,success
38,38,52.324.934,4.859.314,success
39,39,52.324.708,4.875.113,success
40,40,52.327.337,4.858.141,success
41,41,523.775,4.869.694,success
42,42,52.364.336,4.892.515,doubt
43,43,52.378.412,4.835.142,doubt
44,44,52.369.105,4.862.561,doubt
45,45,5.236.485,4.938.164,doubt
46,46,52.348.776,4.904.201,success
47,47,52.365.499,4.852.004,doubt
48,48,52.358.485,4.919.766,doubt
49,49,52.383.919,4.819.766,success
50,50,52.356.458,4.869.726,success
51,51,52.345.106,4.915.529,success
52,52,52.342.081,4.877.511,doubt
53,53,52.410.984,4.917.338,success
54,54,5.237.636,4.856.558,success
55,55,52.361.769,4.862.475,success
56,56,52.377.517,4.850.375,success
57,57,52.349.368,4.862.487,doubt
58,58,52.364.394,493.397,doubt
59,59,489.973,doubt,
60,60,52.374.193,4.876.384,success
61,61,5.236.547,4.912.749,success
62,62,52.373.158,4.838.783,success
63,63,52.364.101,4.932.519,success
64,64,52.382.417,4.885.611,success
65,65,52.354.812,4.901.037,doubt
66,66,52.354.812,4.901.037,doubt
67,67,52.369.219,4.858.385,success
68,68,52.383,488.131,success
69,69,52.362.854,48.753,success
70,70,52.339.568,4.919.455,success
71,71,52.375.513,4.898.103,doubt
72,72,52.354.289,4.892.857,doubt
73,73,489.973,doubt,
74,74,52.361.659,4.937.947,doubt
75,75,52.356.234,4.895.976,success
76,76,52.377.634,4.879.553,success
77,77,52.374.377,4.892.204,success
78,78,52.365.048,4.898.317,doubt
79,79,52.353.397,4.885.807,success
80,80,52.342.107,4.902.795,success
81,81,52.343.785,4.826.893,success
82,82,52.367.586,4.873.204,doubt
83,83,52.349.243,4.848.589,doubt
84,84,52.390.045,4.876.475,success
85,85,52.362.871,4.888.327,doubt
86,86,52.321.782,4.977.894,success
87,87,52.345.487,4.871.384,success
88,88,489.973,doubt,
89,89,52.353.744,4.897.897,doubt
90,90,52.391.243,4.875.186,success
91,91,52.391.243,4.875.186,success
92,92,52.391.243,4.875.186,success
93,93,52.352.395,4.848.023,doubt
94,94,52.391.243,4.875.186,success
95,95,52.391.243,4.875.186,success
96,96,52.379.823,4.849.554,doubt
97,97,52.382.417,4.885.611,doubt
98,98,52.391.243,4.875.186,success
99,99,52.298.977,4.955.994,doubt
100,100,52.370.522,4.905.063,success
101,101,52.375.858,4.891.292,success
102,102,52.293.867,4.978.268,success
103,103,52.375.528,4.890.916,success
104,104,5.235.595,4.892.368,success
105,105,52.354.309,5.002.371,success
106,106,52.352.802,4.803.402,doubt
107,107,52.349.281,4.848.914,doubt
108,108,594.189,success,
109,109,52.350.263,4.846.845,success
110,110,52.393.417,4.939.021,doubt
111,111,52.370.324,4.910.563,doubt
112,112,52.373.244,4.897.036,doubt
113,113,52.706.448,6.855.158,doubt
114,114,52.350.062,4.840.298,doubt
115,115,52.372.452,4.896.855,success
116,116,52.335.851,4.872.888,success
117,117,52.369.735,4.913.946,doubt
118,118,52.350.938,4.853.867,success
119,119,52.381.426,4.868.992,success
120,120,52.336.678,4.877.193,success
121,121,52.388.644,4.881.382,success
122,122,52.369.369,4.907.604,success
123,123,5.235.139,4.853.946,success
124,124,52.345.767,4.894.966,success
125,125,489.973,doubt,
126,126,52.351.491,4.900.858,doubt
127,127,489.973,doubt,
128,128,52.382.417,4.885.611,doubt
129,129,52.382.417,4.885.611,success
130,130,52.357.232,4.846.467,success
131,131,52.351.232,4.800.521,success
132,132,52.377.689,4.881.539,success
133,133,52.368.238,4.897.623,doubt
134,134,52.349.028,4.908.977,success
135,135,5.236.339,4.922.301,doubt
136,136,5.236.334,4.886.501,doubt
137,137,52.361.024,4.868.881,doubt
138,138,5.236.703,4.836.906,success
139,139,52.363.282,4.884.683,success
140,140,523.764,4.924.331,success
141,141,52.325.239,4.943.757,success
142,142,52.327.508,4.874.334,success
143,143,52.313.324,4.957.086,success
144,144,52.369.781,4.867.401,success
145,145,52.327.549,4.879.747,success
146,146,52.401.757,4.934.012,success
147,147,52.349.884,5.011.086,doubt
148,148,52.347.366,4.890.144,success
149,149,52.374.888,4.901.322,success
150,150,52.377.754,4.854.435,success
151,151,52.388.363,4.915.202,success
152,152,5.236.835,4.929.804,doubt
153,153,52.355.932,4.912.258,doubt
154,154,52.364.412,4.936.261,doubt
155,155,52.356.934,4.920.027,doubt
156,156,52.355.767,4.901.695,success
157,157,52.362.785,4.836.479,doubt
158,158,52.366.014,486.771,success
159,159,52.360.347,4.881.598,doubt
160,160,52.379.823,4.849.554,doubt
161,161,52.347.277,484.719,doubt
162,162,52.361.024,4.868.881,success
163,163,52.370.224,4.865.647,doubt
164,164,52.353.771,4.897.985,doubt
165,165,52.378.365,4.839.247,doubt
166,166,52.361.024,4.868.881,doubt
167,167,52.354.268,4.872.013,doubt
168,168,52.360.621,4.870.868,doubt
169,169,52.344.637,486.363,success
170,170,52.370.439,4.877.802,doubt
171,171,52.355.872,4.939.879,doubt
172,172,5.235.183,4.889.398,success
173,173,5.232.854,4.865.784,doubt
174,174,52.333.787,4.881.861,success
175,175,5.232.619,4.872.353,success
176,176,52.403.942,4.941.201,success
177,177,52.336.185,48.757,doubt
178,178,52.322.383,4.861.647,success
179,179,52.371.166,4.863.198,doubt
180,180,489.973,doubt,
181,181,52.343.825,4.877.039,doubt
182,182,52.338.908,4.918.436,success
183,183,52.318.961,4.959.496,success
184,184,52.373.522,4.967.877,doubt
185,185,52.307.937,4.983.103,success
186,186,52.373.285,4.829.275,success
187,187,5.236.315,4.888.324,doubt
188,188,52.342.121,4.909.733,success
189,189,52.362.671,487.658,success
190,190,52.349.819,4.839.166,success
191,191,52.345.224,4.811.964,success
192,192,52.347.187,4.908.138,success
193,193,489.973,doubt,
194,194,489.973,doubt,
195,195,52.371.239,4.876.067,success
196,196,52.360.989,4.887.424,doubt
197,197,52.376.034,4.891.513,doubt
198,198,52.367.179,4.865.858,success
199,199,52.405.708,490.952,success
200,200,52.365.027,4.942.769,doubt
201,201,52.369.704,4.849.363,doubt
202,202,52.354.195,4.910.623,success
203,203,489.973,doubt,
204,204,52.362.122,4.898.975,success
205,205,52.382.613,4.871.248,success
206,206,52.360.203,4.857.617,doubt
207,207,52.359.261,4.895.473,success
208,208,52.327.461,4.858.417,doubt
209,209,52.389.254,488.709,success
210,210,52.353.744,4.897.897,doubt
211,211,52.361.512,4.899.352,success
212,212,52.342.591,4.904.892,success
213,213,52.362.236,4.896.054,success
214,214,52.374.402,4.891.203,success
215,215,52.332.646,4.888.374,success
216,216,52.354.349,4.889.876,doubt
217,217,52.379.166,488.461,doubt
218,218,52.367.758,4.875.131,doubt
219,219,52.366.959,4.875.331,doubt
220,220,52.375.406,48.746,success
221,221,52.374.414,4.899.625,doubt
222,222,52.327.461,4.882.212,doubt
223,223,52.375.798,4.847.289,success
224,224,52.354.812,4.901.037,doubt
225,225,489.973,doubt,
226,226,52.395.356,4.952.368,success
227,227,52.353.227,4.857.274,doubt
228,228,52.370.457,4.903.454,doubt
229,229,52.363.162,4.855.981,doubt
230,230,52.352.773,492.225,success
231,231,52.372.816,4.848.332,doubt
232,232,52.383.442,4.872.928,success
233,233,52.367.586,4.873.204,doubt
234,234,52.371.067,4.896.708,doubt
235,235,52.366.516,4.891.502,success
236,236,52.368.836,4.883.268,doubt
237,237,52.378.884,4.895.995,doubt
238,238,52.382.417,4.885.611,doubt
239,239,52.382.417,4.885.611,doubt
240,240,52.382.417,4.885.611,success
241,241,52.352.741,4.854.595,doubt
242,242,52.371.164,4.873.306,success
243,243,52.322.429,4.955.261,doubt
244,244,52.372.418,4.879.646,doubt
245,245,52.362.457,4.979.589,doubt
246,246,5.236.953,4.954.224,success
247,247,52.380.648,4.883.967,success
248,248,52.342.346,4.910.559,success
249,249,52.361.024,4.868.881,doubt
250,250,52.377.396,4.857.485,doubt
251,251,52.355.608,489.889,doubt
252,252,52.354.037,4.855.489,doubt
253,253,52.361.822,4.852.588,success
254,254,489.973,doubt,
255,255,52.355.516,4.854.101,success
256,256,52.347.187,4.908.138,success
257,257,52.382.417,4.885.611,doubt
258,258,52.380.952,4.845.597,success
259,259,52.379.658,4.873.011,success
260,260,52.379.638,4.924.767,success
261,261,52.375.858,4.891.292,success
262,262,52.362.457,4.979.589,doubt
263,263,52.370.433,4.882.517,success
264,264,52.361.553,4.870.123,doubt
265,265,52.355.049,4.879.065,doubt
266,266,489.973,doubt,
267,267,489.973,doubt,
268,268,failed,failed,failed
269,269,52.342.239,4.845.759,success
270,270,52.375.484,488.599,success
271,271,52.360.388,4.945.341,success
272,272,52.368.507,4.971.287,doubt
273,273,52.338.005,4.919.954,doubt
274,274,52.364.587,4.883.215,doubt
275,275,52.367.094,4.852.836,doubt
276,276,52.355.899,4.895.048,doubt
277,277,52.360.839,4.906.705,doubt
278,278,52.325.239,4.943.757,success
279,279,5.236.012,4.843.505,doubt
280,280,489.973,doubt,
281,281,52.360.356,4.837.884,doubt
282,282,52.331.405,4.869.374,success
283,283,52.351.221,4.844.969,doubt
284,284,489.973,doubt,
285,285,52.368.567,4.891.993,doubt
286,286,52.363.788,492.666,success
287,287,52.406.032,4.935.382,doubt
288,288,52.347.187,4.908.138,success
289,289,52.382.417,4.885.611,doubt
290,290,52.367.586,4.873.204,doubt
291,291,52.375.009,4.898.612,success
292,292,52.331.795,4.889.087,doubt
293,293,52.403.167,493.714,success
294,294,52.356.334,4.839.951,success
295,295,489.973,doubt,
296,296,52.360.139,4.882.002,doubt
297,297,52.321.782,4.976.754,success
298,298,52.365.369,4.880.152,doubt
299,299,52.363.891,4.876.734,success
300,300,5.238.353,4.874.846,doubt
301,301,52.355.128,4.922.513,doubt
302,302,52.367.437,4.851.202,doubt
303,303,52.328.655,485.723,doubt
304,304,52.328.522,4.865.784,success
305,305,52.374.287,487.811,doubt
306,306,52.325.837,4.858.159,success
307,307,52.354.581,4.886.157,success
308,308,52.353.543,4.902.691,success
309,309,52.382.095,4.881.634,doubt
310,310,52.368.917,4.856.676,success
311,311,5.235.622,4.888.285,doubt
312,312,489.973,doubt,
313,313,52.365.048,4.898.317,success
314,314,52.373.945,4.888.144,doubt
315,315,52.351.622,4.855.973,doubt
316,316,5.235.582,4.850.095,doubt
317,317,52.353.222,4.865.353,doubt
318,318,52.361.024,4.868.881,doubt
319,319,52.398.777,4.951.183,doubt
320,320,52.354.812,4.901.037,doubt
321,321,52.382.417,4.885.611,doubt
322,322,489.973,doubt,
323,323,489.973,doubt,
324,324,52.356.921,4.902.516,success
325,325,52.354.889,4.880.967,success
326,326,52.346.736,4.839.482,doubt
327,327,52.346.736,4.839.482,doubt
328,328,52.325.415,48.842,success
329,329,5.238.798,4.879.565,success
330,330,52.350.566,4.891.676,success
331,331,52.393.456,487.726,doubt
332,332,52.356.556,4.888.733,doubt
333,333,52.379.572,4.878.407,success
334,334,52.356.267,4.892.952,success
335,335,52.354.738,4.905.827,doubt
336,336,52.354.738,4.905.827,doubt
337,337,52.352.618,4.869.919,doubt
338,338,52.389.645,4.883.781,doubt
339,339,52.357.359,4.800.954,doubt
340,340,5.236.696,4.897.082,doubt
341,341,52.355.145,4.899.908,doubt
342,342,52.317.284,4.969.253,success
343,343,failed,failed,failed
344,344,52.385.518,4.890.923,success
345,345,52.372.548,4.871.593,doubt
346,346,52.346.432,4.892.328,doubt
347,347,52.366.584,4.875.938,doubt
348,348,52.368.507,4.971.287,doubt
349,349,doubt,,
350,350,52.347.275,4.877.231,doubt
351,351,52.332.209,4.856.044,success
352,352,52.354.812,4.901.037,doubt
353,353,489.973,doubt,
354,354,52.345.265,4.812.197,doubt
355,355,5.236.509,4.860.831,success
356,356,52.381.762,4.869.285,doubt
357,357,52.371.607,4.889.978,success
358,358,5.237.056,4.889.144,success
359,359,5.237.056,4.889.144,success
360,360,52.291.833,496.894,success
361,361,52.375.276,4.892.902,doubt
362,362,52.350.707,4.856.842,success
363,363,52.381.813,4.916.164,doubt
364,364,52.372.615,4.847.498,doubt
365,365,52.344.208,4.908.371,success
366,366,52.344.208,4.908.371,success
367,367,52.371.164,4.873.306,success
368,368,52.363.351,4.884.784,doubt
369,369,52.353.327,4.873.801,success
370,370,52.408.408,4.891.577,success
371,371,52.332.607,4.872.148,success
372,372,52.397.444,4.929.783,success
373,373,52.370.849,4.891.894,success
374,374,52.352.568,4.867.877,doubt
375,375,52.353.664,499.743,success
376,376,52.360.235,4.989.694,success
377,377,52.364.314,4.986.399,success
378,378,52.348.849,4.839.201,success
379,379,52.348.849,4.839.201,doubt
380,380,52.348.849,4.839.201,doubt
381,381,52.348.849,4.839.201,doubt
382,382,doubt,,
383,383,52.367.484,4.905.997,success
384,384,489.973,doubt,
385,385,52.379.823,4.849.554,doubt
386,386,52.355.581,4.895.827,success
387,387,52.373.708,4.900.629,doubt
388,388,52.354.728,4.921.661,success
389,389,52.357.236,4.856.581,success
390,390,52.349.028,4.908.977,success
391,391,52.363.508,4.884.942,success
392,392,52.363.508,4.884.942,success
393,393,52.363.508,4.884.942,success
394,394,52.351.443,4.916.401,success
395,395,52.403.167,493.714,success
396,396,52.363.977,4.884.571,success
397,397,52.354.195,4.910.623,success
398,398,52.359.045,4.787.959,success
399,399,52.384.849,4.850.744,doubt
400,400,52.365.048,4.898.317,doubt
401,401,52.356.401,4.901.294,doubt
402,402,52.380.355,4.876.219,doubt
403,403,489.973,doubt,
404,404,52.362.854,48.753,success
405,405,52.345.101,4.889.051,success
406,406,52.368.888,4.883.527,success
407,407,51.322.737,3.853.791,doubt
408,408,52.327.514,4.882.211,doubt
409,409,52.350.372,4.870.512,success
410,410,5.235.158,4.858.601,doubt
411,411,52.354.942,4.905.282,doubt
412,412,52.371.642,496.685,doubt
413,413,52.351.586,4.855.958,doubt
414,414,52.353.331,489.493,success
415,415,489.973,doubt,
416,416,52.379.823,4.849.554,doubt
417,417,52.382.417,4.885.611,doubt
418,418,52.361.416,4.862.565,success
419,419,52.362.505,4.857.736,doubt
420,420,52.397.019,4.917.739,doubt
421,421,52.351.284,4.859.917,success
422,422,52.359.761,4.859.119,doubt
423,423,52.368.127,491.343,success
424,424,52.336.678,4.877.193,success
425,425,52.352.289,4.912.112,success
426,426,52.356.869,4.855.587,doubt
427,427,52.372.241,4.876.739,doubt
428,428,52.402.338,4.930.535,doubt
429,429,52.381.813,4.916.164,success
430,430,52.386.422,4.886.946,doubt
431,431,52.354.841,4.891.676,doubt
432,432,52.355.479,4.893.695,doubt
433,433,52.354.043,4.870.959,doubt
434,434,52.388.343,4.880.035,doubt
435,435,52.369.004,4.924.438,success
436,436,52.374.651,4.879.163,doubt
437,437,doubt,,
438,438,5.235.476,4.924.894,doubt
439,439,52.361.478,4.851.012,success
440,440,52.372.459,488.352,doubt
441,441,52.363.711,4.891.254,doubt
442,442,523.648,4.858.389,doubt
443,443,52.365.372,4.865.792,doubt
444,444,52.382.375,4.917.013,success
445,445,52.362.251,4.859.192,doubt
446,446,52.382.706,4.825.916,success
447,447,52.714.408,685.834,doubt
448,448,52.382.417,4.885.611,success
449,449,52.382.417,4.885.611,doubt
450,450,52.367.855,4.866.438,doubt
451,451,52.366.868,4.924.812,success
452,452,52.367.586,4.873.204,success
453,453,52.376.784,4.848.894,doubt
454,454,52.352.124,4.798.694,success
455,455,52.350.631,4.847.472,doubt
456,456,52.351.204,4.847.601,success
457,457,52.306.591,5.238.379,doubt
458,458,5.235.446,4.938.049,doubt
459,459,52.332.122,4.888.758,success
460,460,52.373.478,484.759,doubt
461,461,52.369.578,4.906.694,doubt
462,462,489.973,doubt,
463,463,52.368.949,4.951.658,success
464,464,52.361.769,4.862.475,success
465,465,52.354.889,4.880.967,doubt
466,466,52.360.618,4.893.686,success
467,467,52.365.048,4.898.317,success
468,468,52.367.586,4.873.204,doubt
469,469,52.357.046,4.903.175,doubt
470,470,52.351.263,4.858.179,doubt
471,471,52.367.038,4.851.559,success
472,472,52.364.853,4.862.318,success
473,473,5.237.083,4.869.921,success
474,474,52.368.479,4.881.848,doubt
475,475,52.369.781,4.867.401,success
476,476,52.354.105,4.878.023,success
477,477,52.345.112,4.894.794,doubt
478,478,52.356.812,4.898.832,doubt
479,479,52.365.173,4.880.495,success
480,480,52.382.417,4.885.611,doubt
481,481,52.382.417,4.885.611,success
482,482,52.371.662,4.896.365,success
483,483,52.325.239,4.943.757,success
484,484,52.356.349,4.788.918,success
485,485,52.355.304,4.889.822,success
486,486,52.328.355,4.867.872,success
487,487,52.388.638,4.879.806,doubt
488,488,52.346.071,491.188,doubt
489,489,52.355.624,4.898.244,success
490,490,52.363.087,4.798.299,doubt
491,491,52.356.205,4.813.625,success
492,492,52.372.494,4.966.063,doubt
493,493,52.372.494,4.966.063,doubt
494,494,52.318.382,4.946.321,success
495,495,52.343.975,4.860.349,doubt
496,496,52.375.976,4.875.815,doubt
497,497,5.235.135,4.890.665,success
498,498,52.352.162,4.847.741,doubt
499,499,52.341.947,4.908.885,success
500,500,52.355.608,489.889,doubt
501,501,52.360.122,4.882.134,doubt
502,502,489.973,doubt,
503,503,52.363.788,492.666,success
504,504,52.369.781,4.867.401,success
505,505,52.325.239,4.943.757,success
506,506,52.325.239,4.943.757,success
507,507,52.349.216,478.523,success
508,508,52.355.156,491.896,success
509,509,52.375.858,4.891.292,success
510,510,5.237.003,4.856.398,doubt
511,511,5.237.667,4.818.987,success
512,512,52.347.187,4.908.138,success
513,513,52.382.417,4.885.611,doubt
514,514,52.341.869,489.344,success
515,515,52.395.674,4.915.981,success
516,516,52.346.692,4.935.249,success
517,517,52.399.525,4.932.976,success
518,518,52.333.504,488.528,doubt
519,519,52.336.923,487.132,success
520,520,52.336.923,4.871.496,success
521,521,52.336.913,4.871.129,success
522,522,52.318.351,4.980.421,success
523,523,52.336.923,4.871.349,success
524,524,52.353.513,4.887.904,doubt
525,525,52.371.945,4.858.019,success
526,526,52.359.511,4.895.118,success
527,527,52.382.417,4.885.611,doubt
528,528,52.362.647,4.927.389,success
529,529,52.325.239,4.943.757,success
530,530,52.342.892,4.873.114,doubt
531,531,52.358.235,4.895.936,success
532,532,52.363.896,4.940.156,doubt
533,533,489.973,doubt,
534,534,52.334.771,4.874.646,doubt
535,535,52.334.771,4.874.661,doubt
536,536,52.348.849,4.839.201,success
537,537,52.348.849,4.839.201,success
538,538,51.932.918,4.469.552,success
539,539,52.351.477,4.890.965,doubt
540,540,5.237.427,4.847.771,success
541,541,52.376.165,4.892.936,doubt
542,542,52.358.676,4.912.832,success
543,543,52.369.736,488.154,success
544,544,52.382.417,4.885.611,success
545,545,52.379.823,4.849.554,doubt
546,546,5.235.051,4.852.669,doubt
547,547,52.308.075,4.952.173,doubt
548,548,52.354.637,4.886.776,doubt
549,549,52.345.888,4.888.766,success
550,550,52.355.364,4.834.969,success
551,551,523.622,4.877.062,success
552,552,52.367.455,4.862.214,success
553,553,52.361.478,4.851.012,success
554,554,52.379.008,4.802.582,doubt
555,555,52.356.921,4.902.516,success
556,556,52.355.304,4.889.822,success
557,557,52.373.258,4.925.127,success
558,558,52.359.294,4.894.797,doubt
559,559,52.366.709,485.726,success
560,560,52.369.731,4.892.156,doubt
561,561,52.341.581,4.906.161,doubt
562,562,52.363.923,4.910.118,doubt
563,563,5.229.366,4.980.865,doubt
564,564,489.973,doubt,
565,565,52.361.458,4.854.373,success
566,566,52.351.196,4.838.119,doubt
567,567,52.367.984,4.953.586,doubt
568,568,5.237.056,4.889.144,success
569,569,52.367.166,4.902.235,doubt
570,570,52.342.239,4.845.759,success
571,571,52.336.651,4.873.108,doubt
572,572,52.363.282,4.884.683,success
573,573,52.367.586,4.873.204,doubt
574,574,489.973,doubt,
575,575,489.973,doubt,
576,576,489.973,doubt,
577,577,52.382.417,4.885.611,doubt
578,578,5.232.642,4.884.234,doubt
579,579,52.351.204,4.847.601,success
580,580,489.973,doubt,
581,581,52.393.143,4.955.817,doubt
582,582,5.235.567,4.892.034,success
583,583,5.235.567,4.892.034,success
584,584,52.393.143,4.955.817,doubt
585,585,52.414.552,4.884.291,doubt
586,586,52.376.117,4.841.067,doubt
587,587,52.372.333,4.853.828,success
588,588,52.357.901,4.890.839,success
589,589,52.367.405,4.893.165,doubt
590,590,52.365.048,4.898.317,success
591,591,52.372.122,4.853.745,doubt
592,592,52.359.002,4.893.685,doubt
593,593,489.973,doubt,
594,594,52.359.237,4.781.176,doubt
595,595,52.366.512,4.891.621,success
596,596,52.349.978,4.799.207,doubt
597,597,52.346.471,4.895.277,success
598,598,52.364.524,4.938.448,success
599,599,52.356.738,4.891.071,success
600,600,52.339.568,4.919.455,success
601,601,52.360.839,4.906.705,doubt
602,602,52.349.069,4.901.956,doubt
603,603,52.369.561,4.857.378,doubt
604,604,52.368.423,4.849.068,success
605,605,52.362.938,492.359,success
606,606,52.361.596,4.888.533,doubt
607,607,52.352.802,4.803.402,doubt
608,608,52.382.417,4.885.611,doubt
609,609,52.382.417,4.885.611,success
610,610,52.352.988,4.891.259,success
611,611,51.999.179,4.464.747,doubt
612,612,52.374.524,4.887.271,success
613,613,52.360.596,4.879.138,success
614,614,52.343.203,4.907.229,doubt
615,615,52.374.193,4.876.384,success
616,616,52.374.193,4.876.384,success
617,617,52.365.708,485.046,success
618,618,52.348.701,4.847.179,success
619,619,52.375.858,4.891.292,success
620,620,52.353.097,4.864.439,doubt
621,621,52.355.651,4.891.946,doubt
622,622,52.345.907,4.898.057,doubt
623,623,52.339.568,4.919.455,success
624,624,52.314.753,4.943.177,doubt
625,625,5.238.302,4.881.432,doubt
626,626,52.382.866,4.881.331,doubt
627,627,52.368.394,4.869.371,success
628,628,52.359.237,4.781.176,doubt
629,629,52.347.735,4.779.211,success
630,630,52.362.893,4.909.739,success
631,631,489.973,doubt,
632,632,52.363.382,4.873.156,doubt
633,633,52.352.939,4.900.974,doubt
634,634,489.973,doubt,
635,635,52.314.115,4.980.872,doubt
636,636,52.355.364,4.834.969,success
637,637,52.361.198,4.851.815,doubt
638,638,51.604.641,4.787.288,doubt
639,639,52.348.849,4.839.201,success
640,640,52.382.417,4.885.611,doubt
641,641,489.973,doubt,
642,642,52.315.571,4.952.914,doubt
643,643,52.362.814,492.739,success
644,644,52.372.048,4.904.857,doubt
645,645,52.349.216,4.836.661,doubt
646,646,52.408.269,4.915.102,success
647,647,52.399.525,4.932.976,success
648,648,52.361.416,4.862.565,success
649,649,5.236.482,4.933.322,success
650,650,52.344.608,4.906.866,success
651,651,52.363.282,4.884.683,success
652,652,52.382.613,4.871.248,success
653,653,52.373.111,4.861.139,success
654,654,52.364.336,4.892.515,doubt
655,655,52.369.544,4.836.449,success
656,656,52.361.703,4.809.092,doubt
657,657,52.359.813,4.995.218,success
658,658,52.127.238,4.667.328,doubt
659,659,52.391.917,4.877.115,doubt
660,660,52.403.798,4.919.943,success
661,661,5.234.502,4.877.287,doubt
662,662,doubt,,
663,663,52.364.034,4.860.067,doubt
664,664,52.352.252,4.795.581,success
665,665,52.356.344,4.844.804,doubt
666,666,52.344.337,4.900.403,doubt
667,667,52.372.176,4.818.927,success
668,668,52.365.369,4.880.152,doubt
669,669,52.364.402,4.924.456,doubt
670,670,52.373.213,4.887.668,doubt
671,671,52.408.539,4.931.165,doubt
672,672,489.973,doubt,
673,673,52.382.417,4.885.611,doubt
674,674,52.355.651,4.891.946,doubt
675,675,52.368.023,4.912.667,doubt
676,676,52.348.849,4.839.201,doubt
677,677,52.386.837,4.892.743,doubt
678,678,489.973,doubt,
679,679,52.344.765,4.950.871,doubt
680,680,52.368.646,4.858.235,success
681,681,5.237.289,4.968.642,doubt
682,682,52.368.434,4.896.825,success
683,683,52.342.072,4.877.482,success
684,684,5.236.012,4.843.505,doubt
685,685,52.362.178,485.291,doubt
686,686,52.360.552,4.794.721,doubt
687,687,523.804,4.886.911,doubt
688,688,52.364.811,4.875.253,doubt
689,689,52.341.973,4.866.947,doubt
690,690,52.350.134,4.942.012,doubt
691,691,52.350.285,4.941.482,doubt
692,692,52.401.761,4.934.016,success
693,693,failed,failed,failed
694,694,52.377.245,4.888.871,success
695,695,52.339.568,4.919.455,success
696,696,52.367.405,4.893.165,doubt
697,697,52.327.461,4.858.417,doubt
698,698,51.115.715,6.029.658,success
699,699,52.355.581,4.895.827,doubt
700,700,52.363.085,4.909.554,doubt
701,701,52.377.762,4.896.516,doubt
702,702,52.372.795,4.899.434,doubt
703,703,52.369.236,4.890.708,doubt
704,704,52.347.187,4.908.138,success
705,705,52.382.417,4.885.611,doubt
706,706,489.973,doubt,
707,707,52.357.332,4.912.146,success
708,708,52.357.737,4.899.613,success
709,709,52.373.738,4.879.633,success
710,710,52.352.025,5.002.068,success
711,711,52.355.433,4.893.504,doubt
712,712,52.369.838,4.899.482,doubt
713,713,52.380.642,4.880.299,doubt
714,714,52.355.433,4.893.504,doubt
715,715,489.973,doubt,
716,716,52.350.566,4.891.676,success
717,717,52.352.217,48.327,success
718,718,5.776.879,success,
719,719,52.348.849,4.839.201,success
720,720,52.348.849,4.839.201,success
721,721,52.357.744,4.907.689,success
722,722,52.348.849,4.839.201,success
723,723,52.375.858,4.891.292,success
724,724,52.351.232,4.800.521,success
725,725,52.396.272,4.931.381,success
726,726,52.367.072,4.882.803,doubt
727,727,52.368.714,4.897.962,success
728,728,52.327.461,4.858.417,doubt
729,729,52.348.849,4.839.201,success
730,730,52.383.459,4.847.494,success
731,731,52.375.858,4.891.292,success
732,732,5.235.135,4.890.665,success
733,733,52.356.938,4.814.873,doubt
734,734,52.346.241,5.009.875,success
735,735,52.361.242,4.873.078,doubt
736,736,52.382.417,4.885.611,doubt
737,737,52.347.277,484.719,doubt
738,738,52.377.561,4.893.508,success
739,739,5.235.634,4.887.791,success
740,740,52.374.238,4.846.817,doubt
741,741,53.200.263,5.800.179,doubt
742,742,52.376.381,4.855.514,success
743,743,52.375.877,487.786,success
744,744,52.360.826,4.854.189,doubt
745,745,52.299.537,4.987.297,success
746,746,52.355.141,4.837.472,success
747,747,52.355.141,4.837.472,success
748,748,52.355.141,4.837.472,success
749,749,52.339.456,4.894.278,success
750,750,52.355.141,4.837.472,success
751,751,52.355.141,4.837.472,success
752,752,52.353.958,4.873.075,doubt
753,753,52.342.394,4.868.703,doubt
754,754,523.216,4.941.808,success
755,755,52.374.679,481.803,doubt
756,756,52.315.496,4.966.821,success
757,757,52.344.263,4.915.993,doubt
758,758,52.369.562,4.897.884,doubt
759,759,52.384.367,4.836.106,success
760,760,52.352.357,4.857.505,success
761,761,5.271.847,6.862.029,doubt
762,762,52.307.398,4.946.739,success
763,763,52.384.462,4.894.946,success
764,764,52.348.701,4.847.179,success
765,765,52.358.953,4.859.349,doubt
766,766,52.360.417,486.301,doubt
767,767,52.375.901,4.874.857,doubt
768,768,52.382.417,4.885.611,doubt
769,769,52.382.417,4.885.611,doubt
770,770,489.973,doubt,
771,771,5.238.294,4.873.399,doubt
772,772,52.352.805,4.896.865,success
773,773,52.354.139,4.839.292,success
774,774,52.355.141,4.837.472,success
775,775,52.377.485,4.893.503,success
776,776,52.375.858,4.891.292,doubt
777,777,52.355.581,4.895.827,doubt
778,778,52.360.258,4.895.212,doubt
779,779,52.356.146,4.893.219,success
780,780,52.349.216,4.836.661,doubt
781,781,52.349.084,5.009.566,doubt
782,782,52.383.796,4.851.579,success
783,783,52.355.581,4.895.827,doubt
784,784,5.238.487,4.921.021,success
785,785,5.237.056,4.889.144,success
786,786,5.238.487,4.921.021,success
787,787,52.361.969,4.885.255,doubt
788,788,52.369.903,4.893.814,success
789,789,5.232.845,4.865.785,doubt
790,790,52.325.239,4.943.757,success
791,791,52.342.239,4.845.759,success
792,792,52.374.663,4.879.868,success
793,793,52.346.014,4.908.976,success
794,794,52.357.277,4.996.446,success
795,795,52.384.355,487.419,doubt
796,796,52.328.123,4.864.968,success
797,797,52.316.425,4.947.121,success
798,798,52.361.769,4.862.475,success
799,799,52.316.425,4.947.121,success
800,800,52.382.417,4.885.611,doubt
801,801,52.382.417,4.885.611,doubt
802,802,52.351.196,4.838.119,doubt
803,803,52.366.025,4.881.715,doubt
804,804,52.352.849,4.837.258,success
805,805,52.333.683,4.880.718,doubt
806,806,52.345.654,4.791.809,success
807,807,52.373.158,4.838.783,success
808,808,52.373.799,4.879.824,doubt
809,809,52.352.568,4.867.877,doubt
810,810,52.367.038,4.851.559,success
811,811,52.372.333,4.853.828,success
812,812,52.378.884,4.895.995,doubt
813,813,489.973,doubt,
814,814,52.356.006,4.873.316,success
815,815,52.369.781,4.867.401,success
816,816,52.342.747,4.877.621,doubt
817,817,52.359.224,4.861.768,success
818,818,52.370.308,488.933,success
819,819,5.240.802,4.933.818,doubt
820,820,52.341.891,4.902.768,doubt
821,821,5.240.472,4.899.553,success
822,822,52.374.596,4.873.628,doubt
823,823,52.356.006,4.873.316,success
824,824,52.350.337,4.919.641,doubt
825,825,52.337.914,4.895.529,success
826,826,5.235.282,4.838.844,success
827,827,52.337.834,489.551,success
828,828,52.338.083,4.895.741,success
829,829,52.337.834,4.895.499,doubt
830,830,52.336.121,4.870.937,success
831,831,52.355.304,4.889.822,success
832,832,52.382.417,4.885.611,success
833,833,52.382.417,4.885.611,doubt
834,834,52.347.521,4.856.877,success
835,835,523.514,4.850.618,doubt
836,836,52.362.923,4.898.906,success
837,837,52.348.818,4.877.203,success
838,838,52.352.875,4.887.941,success
839,839,52.378.608,4.848.257,doubt
840,840,52.371.932,4.880.223,doubt
841,841,52.334.237,4.873.816,doubt
842,842,52.374.721,487.859,success
843,843,52.382.257,4.857.045,doubt
844,844,52.353.581,4.856.037,success
845,845,52.355.142,4.919.181,doubt
846,846,489.973,doubt,
847,847,52.371.932,4.880.223,doubt
848,848,52.327.515,4.873.996,doubt
849,849,52.357.483,4.888.775,success
850,850,52.364.723,4.937.872,doubt
851,851,52.380.583,4.886.718,success
852,852,52.399.525,4.932.976,success
853,853,52.369.254,4.888.593,doubt
854,854,52.718.944,685.343,success
855,855,52.362.122,4.898.975,success
856,856,52.375.858,4.891.292,success
857,857,489.973,doubt,
858,858,489.973,doubt,
859,859,52.373.541,4.863.713,doubt
860,860,52.355.262,4.924.596,doubt
861,861,52.362.864,4.935.659,doubt
862,862,52.360.304,4.893.629,success
863,863,52.383.512,4.891.532,success
864,864,52.382.417,4.885.611,doubt
865,865,52.347.187,4.908.138,success
866,866,52.311.192,4.952.168,doubt
867,867,52.358.804,4.898.062,doubt
868,868,5.237.261,4.876.837,success
869,869,52.360.304,4.893.629,success
870,870,5.236.905,4.931.837,doubt
871,871,52.370.108,4.903.766,success
872,872,52.327.576,4.879.746,doubt
873,873,52.401.823,4.937.349,doubt
874,874,52.347.438,4.860.969,doubt
875,875,52.357.837,4.834.027,doubt
876,876,52.365.173,4.880.495,success
877,877,52.365.993,4.903.332,success
878,878,489.973,doubt,
879,879,52.362.621,4.894.995,doubt
880,880,52.359.802,4.880.948,success
881,881,52.356.395,4.795.185,success
882,882,doubt,,
883,883,52.324.934,4.859.314,success
884,884,52.364.524,4.938.448,success
885,885,52.377.829,4.932.932,success
886,886,52.354.939,4.887.183,success
887,887,52.380.101,4.875.811,doubt
888,888,52.364.502,4.808.279,success
889,889,52.379.533,4.923.388,success
890,890,52.375.863,488.685,doubt
891,891,52.379.719,4.889.313,doubt
892,892,52.291.947,4.968.978,success
893,893,5.237.055,4.910.927,doubt
894,894,doubt,,
895,895,52.377.108,4.892.647,doubt
896,896,489.973,doubt,
897,897,52.382.417,4.885.611,doubt
898,898,52.345.723,4.871.555,doubt
899,899,52.345.112,4.894.794,doubt
900,900,52.361.478,4.851.012,success
901,901,52.356.556,4.888.733,success
902,902,52.363.372,4.894.047,success
903,903,52.348.776,4.904.201,success
904,904,5.235.139,4.853.946,success
905,905,52.377.883,4.896.631,success
906,906,52.339.568,4.919.455,success
907,907,52.348.569,4.868.924,doubt
908,908,5.234.867,4.871.315,doubt
909,909,52.350.566,4.891.676,success
910,910,52.366.028,4.874.035,doubt
911,911,52.402.014,4.935.554,doubt
912,912,52.352.868,4.854.601,success
913,913,52.331.053,5.068.744,success
914,914,52.341.104,4.903.613,doubt
915,915,52.371.136,4.967.659,doubt
916,916,52.371.261,4.967.935,doubt
917,917,52.347.295,4.849.294,success
918,918,52.372.279,4.864.638,success
919,919,52.344.975,487.127,success
920,920,52.324.899,4.869.744,doubt
921,921,52.376.907,486.266,doubt
922,922,52.381.385,4.836.493,success
923,923,52.379.572,4.878.407,success
924,924,52.336.259,4.913.532,doubt
925,925,52.373.542,488.458,doubt
926,926,failed,failed,failed
927,927,52.377.561,4.886.183,success
928,928,52.382.417,4.885.611,doubt
929,929,52.382.417,4.885.611,doubt
930,930,52.372.573,496.357,success
931,931,52.376.784,4.848.894,doubt
932,932,52.327.461,4.858.417,doubt
933,933,52.375.554,4.898.314,success
934,934,52.374.375,4.881.795,doubt
935,935,52.407.387,4.912.163,doubt
936,936,52.343.431,4.875.632,doubt
937,937,52.352.261,4.795.522,success
938,938,52.343.131,4.902.813,doubt
939,939,52.352.467,4.886.933,success
940,940,52.368.415,4.892.082,doubt
941,941,52.367.586,4.873.204,doubt
942,942,52.325.239,4.943.757,success
943,943,5.233.893,4.919.182,success
944,944,489.973,doubt,
945,945,52.367.038,4.851.559,success
946,946,52.400.438,4.892.033,doubt
947,947,52.372.452,4.896.855,success
948,948,52.345.789,4.876.412,doubt
949,949,52.352.229,4.888.139,doubt
950,950,52.371.166,4.863.198,doubt
951,951,52.368.158,4.855.774,success
952,952,52.376.362,489.478,success
953,953,52.371.757,4.890.098,success
954,954,52.356.497,492.353,doubt
955,955,52.355.726,4.888.708,success
956,956,52.373.423,4.963.585,doubt
957,957,52.345.278,4.812.051,success
958,958,52.361.218,489.377,success
959,959,52.375.441,4.902.416,success
960,960,52.382.417,4.885.611,doubt
961,961,52.354.812,4.901.037,doubt
962,962,52.385.021,4.874.594,doubt
963,963,52.362.035,4.851.223,doubt
964,964,52.371.055,4.883.169,doubt
965,965,52.352.935,4.850.159,doubt
966,966,52.356.496,4.846.593,doubt
967,967,52.399.525,4.932.976,success
968,968,52.366.748,4.851.857,doubt
969,969,52.366.462,4.925.985,success
970,970,52.365.048,4.898.317,success
971,971,52.342.847,4.919.715,success
972,972,5.235.058,4.848.498,success
973,973,5.235.058,4.848.498,success
974,974,489.973,doubt,
975,975,52.354.662,490.257,doubt
976,976,52.358.527,4.896.083,success
977,977,52.405.327,4.931.657,success
978,978,52.366.838,4.872.147,doubt
979,979,52.351.505,4.830.994,success
980,980,52.371.294,4.879.935,success
981,981,52.361.141,4.991.874,success
982,982,52.359.138,4.876.934,success
983,983,52.363.613,4.936.665,doubt
984,984,52.365.608,4.802.832,success
985,985,52.353.543,4.902.691,success
986,986,52.354.296,4.881.789,doubt
987,987,52.360.453,4.881.822,doubt
988,988,52.360.517,4.993.259,success
989,989,52.376.306,4.925.448,success
990,990,52.363.282,4.884.683,success
991,991,52.343.825,4.877.039,doubt
992,992,52.379.823,4.849.554,doubt
993,993,52.347.277,484.719,doubt
994,994,52.343.825,4.877.039,doubt
995,995,52.316.973,4.970.868,success
996,996,489.973,doubt,
997,997,52.366.014,486.771,success
998,998,52.362.511,4.856.253,success
999,999,52.363.149,4.935.579,success
1000,1000,52.342.802,4.903.116,success
1001,1001,52.363.009,4.933.793,doubt
1002,1002,52.382.613,4.871.248,success
1003,1003,52.345.396,4.891.738,doubt
1004,1004,52.347.622,47.935,success
1005,1005,52.347.622,47.935,success
1006,1006,52.347.622,47.935,success
1007,1007,489.973,doubt,
1008,1008,5.234.126,4.923.218,doubt
1009,1009,52.376.889,4.848.679,success
1010,1010,52.351.412,4.879.837,success
1011,1011,52.361.024,4.868.881,doubt
1012,1012,52.372.566,4.869.574,success
1013,1013,52.325.474,4.974.809,success
1014,1014,52.363.382,4.873.156,doubt
1015,1015,489.973,doubt,
1016,1016,52.375.736,4.964.547,success
1017,1017,52.361.879,4.889.557,doubt
1018,1018,52.375.858,4.891.292,success
1019,1019,523.776,4.883.638,doubt
1020,1020,52.352.112,4.824.878,success
1021,1021,52.365.369,4.880.152,doubt
1022,1022,489.973,doubt,
1023,1023,52.361.024,4.868.881,doubt
1024,1024,52.382.417,4.885.611,doubt
1025,1025,52.347.277,484.719,doubt
1026,1026,52.371.324,4.860.127,doubt
1027,1027,52.363.085,488.577,doubt
1028,1028,52.352.118,4.887.318,success
1029,1029,52.352.975,4.835.451,success
1030,1030,5.235.135,4.890.665,success
1031,1031,52.352.971,4.900.107,doubt
1032,1032,52.372.279,4.864.638,success
1033,1033,52.343.858,4.860.409,doubt
1034,1034,52.383.154,4.878.522,success
1035,1035,52.336.452,486.994,success
1036,1036,5.235.634,4.887.791,success
1037,1037,52.369.578,4.906.694,doubt
1038,1038,52.378.608,4.848.257,doubt
1039,1039,52.360.053,4.879.957,doubt
1040,1040,5.237.441,496.831,doubt
1041,1041,4.912.345,success,
1042,1042,52.359.147,4.887.532,doubt
1043,1043,52.368.507,4.971.287,doubt
1044,1044,52.357.277,4.996.446,success
1045,1045,52.371.998,486.216,doubt
1046,1046,52.351.702,4.784.765,success
1047,1047,52.348.469,4.795.243,doubt
1048,1048,52.353.859,4.902.028,doubt
1049,1049,52.371.969,4.878.196,doubt
1050,1050,52.366.112,4.881.096,doubt
1051,1051,52.362.656,4.873.649,doubt
1052,1052,52.342.239,4.845.759,success
1053,1053,52.398.714,490.518,doubt
1054,1054,52.325.239,4.943.757,success
1055,1055,52.362.658,4.933.665,doubt
1056,1056,52.354.812,4.901.037,doubt
1057,1057,52.382.417,4.885.611,doubt
1058,1058,52.371.639,4.895.982,doubt
1059,1059,52.358.779,4.878.127,doubt
1060,1060,52.373.158,4.838.783,success
1061,1061,52.355.106,4.888.268,doubt
1062,1062,52.343.569,4.915.355,success
1063,1063,doubt,,
1064,1064,doubt,,
1065,1065,52.367.156,4.852.821,doubt
1066,1066,52.377.762,4.896.516,doubt
1067,1067,52.321.482,4.976.987,success
1068,1068,52.366.381,4.887.344,success
1069,1069,52.384.194,4.870.403,doubt
1070,1070,52.352.026,4.861.172,doubt
1071,1071,52.376.514,4.881.611,success
1072,1072,5.235.298,4.885.048,success
1073,1073,52.384.963,4.856.075,success
1074,1074,52.369.901,4.857.545,doubt
1075,1075,52.368.054,488.755,success
1076,1076,52.358.508,4.860.397,doubt
1077,1077,52.368.663,4.840.343,success
1078,1078,52.366.089,4.882.538,success
1079,1079,52.390.479,482.633,success
1080,1080,489.973,doubt,
1081,1081,52.351.531,489.754,doubt
1082,1082,52.366.428,4.872.988,doubt
1083,1083,52.341.924,4.899.328,success
1084,1084,52.361.496,4.863.297,doubt
1085,1085,5.235.008,4.922.676,success
1086,1086,5.235.008,4.922.676,success
1087,1087,5.235.008,4.922.676,success
1088,1088,52.379.823,4.849.554,doubt
1089,1089,52.347.187,4.908.138,success
1090,1090,52.357.225,4.929.274,success
1091,1091,52.380.313,4.891.784,success
1092,1092,52.367.978,488.753,success
1093,1093,52.357.574,479.726,success
1094,1094,52.365.993,4.903.332,success
1095,1095,52.298.977,4.955.994,doubt
1096,1096,52.350.884,5.008.374,success
1097,1097,52.373.799,4.879.824,success
1098,1098,52.409.965,4.923.213,doubt
1099,1099,52.372.442,4.859.057,doubt
1100,1100,52.335.008,4.878.591,success
1101,1101,52.346.421,4.872.554,success
1102,1102,5.235.506,4.905.501,success
1103,1103,52.357.796,487.513,doubt
1104,1104,52.364.035,4.892.455,doubt
1105,1105,52.321.719,4.977.851,success
1106,1106,52.354.346,4.854.252,doubt
1107,1107,52.351.629,4.888.542,doubt
1108,1108,52.373.896,4.963.413,success
1109,1109,52.382.111,486.887,success
1110,1110,52.368.135,4.943.646,success
1111,1111,52.354.812,4.901.037,success
1112,1112,52.368.984,4.867.643,doubt
1113,1113,52.369.289,4.867.493,success
1114,1114,52.366.928,4.870.252,doubt
1115,1115,52.318.351,4.980.421,success
1116,1116,52.392.854,4.878.787,success
1117,1117,52.331.503,4.884.765,success
1118,1118,52.316.425,4.947.121,success
1119,1119,52.368.143,4.855.085,success
1120,1120,52.382.417,4.885.611,success
1121,1121,52.382.417,4.885.611,doubt
1122,1122,52.362.636,4.859.026,doubt
1123,1123,52.353.331,489.493,success
1124,1124,52.376.982,4.881.973,success
1125,1125,52.360.839,4.906.705,doubt
1126,1126,52.368.227,49.185,success
1127,1127,489.973,doubt,
1128,1128,52.349.216,4.836.661,doubt
1129,1129,52.369.123,490.479,success
1130,1130,52.342.346,4.910.559,success
1131,1131,52.366.584,4.875.938,doubt
1132,1132,52.338.205,4.932.423,success
1133,1133,52.368.147,4.945.816,success
1134,1134,52.352.823,4.896.953,success
1135,1135,52.357.799,4.875.128,doubt
1136,1136,52.355.981,482.403,success
1137,1137,52.364.303,487.636,doubt
1138,1138,52.350.566,4.891.676,success
1139,1139,52.365.048,4.898.317,doubt
1140,1140,5.237.056,4.889.144,success
1141,1141,52.333.396,487.475,success
1142,1142,52.379.816,489.338,doubt
1143,1143,489.973,doubt,
1144,1144,52.364.117,4.864.573,success
1145,1145,52.367.901,4.913.612,success
1146,1146,52.344.639,4.866.285,success
1147,1147,52.367.901,4.913.612,success
1148,1148,489.973,doubt,
1149,1149,52.363.775,4.860.452,doubt
1150,1150,52.325.662,4.879.915,doubt
1151,1151,52.369.616,490.635,doubt
1152,1152,52.382.417,4.885.611,doubt
1153,1153,52.382.417,4.885.611,doubt
1154,1154,52.362.122,4.898.975,success
1155,1155,52.373.809,4.895.342,success
1156,1156,52.369.276,4.894.957,success
1157,1157,52.356.924,4.797.553,success
1158,1158,52.327.604,4.884.323,success
1159,1159,52.363.441,4.855.978,doubt
1160,1160,489.973,doubt,
1161,1161,52.370.807,4.849.992,doubt
1162,1162,52.377.448,4.896.608,doubt
1163,1163,489.973,doubt,
1164,1164,52.351.284,4.859.917,success
1165,1165,52.364.429,4.865.061,success
1166,1166,52.331.795,4.889.087,doubt
1167,1167,52.355.736,4.894.969,doubt
1168,1168,52.356.326,4.992.519,success
1169,1169,489.973,doubt,
1170,1170,5.236.072,4.866.624,doubt
1171,1171,52.336.098,4.870.399,success
1172,1172,52.398.296,4.929.289,success
1173,1173,52.355.056,4.993.056,success
1174,1174,52.351.204,4.847.601,success
1175,1175,52.395.959,4.945.744,success
1176,1176,52.364.436,4.802.157,doubt
1177,1177,5.236.934,4.850.482,doubt
1178,1178,489.973,doubt,
1179,1179,52.350.538,4.854.327,success
1180,1180,52.366.198,488.434,success
1181,1181,52.373.992,4.899.847,success
1182,1182,52.393.456,487.726,doubt
1183,1183,52.359.686,4.865.591,success
1184,1184,52.382.417,4.885.611,doubt
1185,1185,489.973,doubt,
1186,1186,52.349.757,4.849.067,doubt
1187,1187,52.374.362,4.963.535,success
1188,1188,52.351.055,4.851.273,doubt
1189,1189,52.343.531,4.860.494,success
1190,1190,52.327.431,4.976.809,success
1191,1191,52.378.549,4.802.617,doubt
1192,1192,52.357.574,479.726,success
1193,1193,52.366.554,4.891.258,success
1194,1194,52.369.736,4.925.428,success
1195,1195,52.338.422,4.857.263,doubt
1196,1196,52.377.741,4.874.473,doubt
1197,1197,52.338.422,4.857.263,doubt
1198,1198,52.351.673,4.891.393,doubt
1199,1199,5.240.212,4.931.695,success
1200,1200,52.394.471,4.912.084,success
1201,1201,52.368.714,4.897.962,success
1202,1202,52.401.679,493.394,success
1203,1203,52.401.667,4.933.932,success
1204,1204,52.355.552,485.083,success
1205,1205,52.367.984,4.953.586,doubt
1206,1206,52.391.064,4.873.261,success
1207,1207,52.357.393,4.885.101,doubt
1208,1208,5.237.638,4.892.596,success
1209,1209,52.325.746,4.872.213,doubt
1210,1210,52.357.313,4.991.937,success
1211,1211,5.234.449,4.869.119,doubt
1212,1212,52.371.074,4.909.889,success
1213,1213,52.346.052,4.810.536,success
1214,1214,52.370.862,4.855.134,success
1215,1215,52.372.014,4.882.512,doubt
1216,1216,52.382.417,4.885.611,doubt
1217,1217,489.973,doubt,
1218,1218,52.344.761,4.914.623,success
1219,1219,52.369.588,4.906.329,doubt
1220,1220,52.369.588,4.906.329,doubt
1221,1221,52.361.055,4.890.374,success
1222,1222,5.235.634,4.887.791,success
1223,1223,5.235.634,4.887.791,success
1224,1224,52.334.145,4.881.725,success
1225,1225,52.368.251,493.208,doubt
1226,1226,52.354.184,4.871.579,success
1227,1227,52.370.961,4.898.727,success
1228,1228,52.353.859,4.902.028,success
1229,1229,52.331.818,4.881.913,success
1230,1230,52.372.452,4.896.855,success
1231,1231,52.354.736,4.847.099,doubt
1232,1232,5.232.577,487.365,doubt
1233,1233,5.232.577,487.365,doubt
1234,1234,52.355.581,4.895.827,doubt
1235,1235,52.353.859,4.902.028,success
1236,1236,52.362.007,4.838.352,success
1237,1237,52.354.903,4.889.327,doubt
1238,1238,52.370.294,4.883.721,doubt
1239,1239,52.355.507,4.929.892,success
1240,1240,52.350.586,4.853.563,doubt
1241,1241,52.378.019,4.880.041,success
1242,1242,52.359.874,4.881.725,success
1243,1243,52.355.899,4.895.048,success
1244,1244,52.355.304,4.889.822,success
1245,1245,52.350.566,4.891.676,success
1246,1246,52.317.676,4.970.643,success
1247,1247,52.389.865,4.876.477,success
1248,1248,52.382.417,4.885.611,doubt
1249,1249,52.354.812,4.901.037,doubt
1250,1250,52.374.649,4.860.058,doubt
1251,1251,52.343.406,4.892.708,success
1252,1252,52.333.794,487.344,success
1253,1253,52.371.026,4.901.994,doubt
1254,1254,5.238.006,4.841.713,doubt
1255,1255,52.385.928,4.918.489,doubt
1256,1256,52.362.271,4.910.473,doubt
1257,1257,52.374.202,4.881.254,doubt
1258,1258,52.380.642,4.880.299,doubt
1259,1259,52.346.815,4.870.574,doubt
1260,1260,489.973,doubt,
1261,1261,5.238.309,4.883.297,success
1262,1262,489.973,doubt,
1263,1263,52.352.897,4.901.723,doubt
1264,1264,52.341.027,4.909.087,doubt
1265,1265,52.370.807,4.849.992,success
1266,1266,52.376.153,4.895.762,doubt
1267,1267,52.371.572,4.873.344,doubt
1268,1268,52.297.104,4.976.142,success
1269,1269,5.237.118,4.872.522,doubt
1270,1270,489.973,doubt,
1271,1271,52.363.002,4.849.986,success
1272,1272,5.237.289,4.968.642,doubt
1273,1273,52.378.608,4.848.257,doubt
1274,1274,52.360.379,485.876,doubt
1275,1275,52.372.006,4.880.515,doubt
1276,1276,52.394.021,4.899.241,success
1277,1277,52.394.036,4.899.204,success
1278,1278,52.379.106,480.258,doubt
1279,1279,52.354.032,4.924.887,doubt
1280,1280,52.382.417,4.885.611,doubt
1281,1281,52.347.277,484.719,doubt
1282,1282,52.345.797,4.897.545,doubt
1283,1283,52.370.348,4.923.568,success
1284,1284,52.362.737,4.863.503,doubt
1285,1285,52.357.531,4.875.819,doubt
1286,1286,52.361.478,4.851.012,success
1287,1287,52.385.518,4.890.923,success
1288,1288,5.237.064,4.876.493,success
1289,1289,52.352.403,4.861.805,doubt
1290,1290,52.356.738,4.891.071,success
1291,1291,52.370.318,4.870.653,success
1292,1292,5.235.977,4.856.755,doubt
1293,1293,52.359.901,4.914.578,doubt
1294,1294,5.235.008,4.922.676,success
1295,1295,52.376.463,4.923.644,success
1296,1296,52.405.646,4.894.351,success
1297,1297,52.362.923,4.898.906,success
1298,1298,52.376.915,4.883.205,doubt
1299,1299,52.365.784,4.851.369,doubt
1300,1300,52.362.893,4.909.739,success
1301,1301,52.363.571,4.910.417,success
1302,1302,52.360.379,485.876,doubt
1303,1303,52.372.296,4.881.085,doubt
1304,1304,52.400.611,4.940.271,doubt
1305,1305,52.357.893,4.859.465,doubt
1306,1306,52.351.475,5.007.048,success
1307,1307,52.345.194,4.870.155,success
1308,1308,52.345.977,4.869.987,success
1309,1309,5.236.214,49.004,doubt
1310,1310,52.348.871,4.872.462,success
1311,1311,52.372.579,4.964.555,doubt
1312,1312,489.973,doubt,
1313,1313,52.382.417,4.885.611,doubt
1314,1314,52.369.852,4.889.543,success
1315,1315,52.375.889,4.886.903,doubt
1316,1316,52.344.337,4.900.403,doubt
1317,1317,5.234.496,4.863.698,doubt
1318,1318,52.353.222,4.865.353,success
1319,1319,52.361.245,4.855.679,success
1320,1320,52.347.277,484.719,doubt
1321,1321,52.354.183,4.929.128,doubt
1322,1322,52.375.035,4.933.336,success
1323,1323,52.373.119,4.863.821,doubt
1324,1324,52.360.618,4.893.686,success
1325,1325,5.236.118,486.767,success
1326,1326,52.363.433,4.887.367,success
1327,1327,52.371.045,490.217,doubt
1328,1328,489.973,doubt,
1329,1329,52.330.175,487.379,doubt
1330,1330,52.372.014,4.904.039,doubt
1331,1331,52.372.756,4.896.498,doubt
1332,1332,52.378.602,4.874.037,doubt
1333,1333,52.328,4.858.537,success
1334,1334,52.357.661,4.808.001,success
1335,1335,4.912.345,success,
1336,1336,5.236.923,4.885.025,doubt
1337,1337,5.158.608,5.099.711,doubt
1338,1338,5.234.946,4.896.492,doubt
1339,1339,52.361.024,4.868.881,doubt
1340,1340,52.359.456,4.861.252,doubt
1341,1341,5.236.454,4.860.678,doubt
1342,1342,52.353.169,4.884.748,success
1343,1343,52.368.501,4.862.084,doubt
1344,1344,52.347.277,484.719,doubt
1345,1345,52.382.417,4.885.611,doubt
1346,1346,52.325.971,4.889.891,success
1347,1347,52.349.216,4.836.661,doubt
1348,1348,52.362.923,4.898.906,success
1349,1349,52.387.103,4.899.951,success
1350,1350,52.369.838,4.899.482,doubt
1351,1351,52.373.041,4.862.157,success
1352,1352,5.237.339,4.905.626,doubt
1353,1353,52.356.966,4.886.045,doubt
1354,1354,52.401.666,4.933.931,success
1355,1355,52.351.562,4.850.719,doubt
1356,1356,52.344.898,4.904.948,doubt
1357,1357,489.973,doubt,
1358,1358,52.376.547,4.882.213,doubt
1359,1359,5.236.118,486.767,success
1360,1360,52.392.294,4.880.793,doubt
1361,1361,52.366.106,4.885.569,success
1362,1362,52.363.699,4.835.744,success
1363,1363,52.375.877,487.786,success
1364,1364,52.347.956,4.897.793,success
1365,1365,52.374.507,4.874.906,doubt
1366,1366,52.392.735,4.956.114,doubt
1367,1367,52.362.974,4.895.637,doubt
1368,1368,52.376.123,4.875.206,doubt
1369,1369,52.376.122,4.845.535,success
1370,1370,52.344.615,4.864.979,doubt
1371,1371,52.384.521,4.850.849,doubt
1372,1372,52.368.335,486.517,success
1373,1373,52.368.539,4.898.204,doubt
1374,1374,52.353.338,4.899.707,doubt
1375,1375,52.339.862,4.919.816,doubt
1376,1376,489.973,doubt,
1377,1377,52.354.812,4.901.037,doubt
1378,1378,52.377.443,4.891.159,success
1379,1379,52.414.271,4.883.971,doubt
1380,1380,52.373.458,4.858.842,doubt
1381,1381,52.363.535,4.905.843,success
1382,1382,52.353.083,4.851.792,success
1383,1383,52.357.052,4.850.304,success
1384,1384,52.346.995,5.009.678,doubt
1385,1385,52.363.536,4.892.431,doubt
1386,1386,52.377.512,4.854.995,success
1387,1387,52.352.975,4.925.852,doubt
1388,1388,52.367.586,4.873.204,success
1389,1389,489.973,doubt,
1390,1390,5.237.289,4.968.642,doubt
1391,1391,489.973,doubt,
1392,1392,52.363.771,4.933.127,doubt
1393,1393,52.361.441,4.901.116,doubt
1394,1394,523.734,4.848.237,doubt
1395,1395,52.375.009,4.898.612,success
1396,1396,52.354.312,4.889.686,doubt
1397,1397,52.373.049,4.872.295,doubt
1398,1398,52.400.295,4.913.499,success
1399,1399,489.973,doubt,
1400,1400,52.374.479,4.876.789,doubt
1401,1401,52.351.196,4.838.119,doubt
1402,1402,52.353.263,4.884.746,success
1403,1403,52.344.637,486.363,doubt
1404,1404,52.316.425,4.947.121,success
1405,1405,52.410.461,4.924.676,success
1406,1406,52.318.351,4.980.421,success
1407,1407,52.344.898,4.904.948,doubt
1408,1408,52.347.187,4.908.138,success
1409,1409,52.354.812,4.901.037,doubt
1410,1410,52.355.986,4.870.551,success
1411,1411,52.361.512,4.899.352,success
1412,1412,523.216,4.941.808,success
1413,1413,52.330.967,4.874.206,success
1414,1414,52.376.725,4.848.153,doubt
1415,1415,52.355.581,4.895.827,success
1416,1416,52.393.085,4.880.948,doubt
1417,1417,52.376.629,4.944.272,success
1418,1418,52.387.083,4.887.234,success
1419,1419,52.379.572,4.878.407,success
1420,1420,51.933.146,4.469.356,success
1421,1421,52.380.011,4.890.532,success
1422,1422,52.403.798,4.919.943,success
1423,1423,52.393.085,4.880.948,doubt
1424,1424,52.377.124,489.432,doubt
1425,1425,52.346.421,4.872.554,success
1426,1426,5.237.083,4.869.921,success
1427,1427,52.371.109,4.876.166,success
1428,1428,52.348.849,4.839.201,success
1429,1429,51.933.018,4.469.464,success
1430,1430,52.348.849,4.839.201,success
1431,1431,52.379.823,4.849.554,doubt
1432,1432,52.347.546,4.861.085,doubt
1433,1433,52.316.425,4.947.121,success
1434,1434,52.332.587,4.887.794,success
1435,1435,52.392.735,4.956.114,doubt
1436,1436,52.354.812,4.901.037,doubt
1437,1437,52.397.852,4.935.626,success
1438,1438,52.353.513,4.887.904,doubt
1439,1439,52.355.616,486.932,success
1440,1440,52.354.812,4.901.037,doubt
1441,1441,52.347.187,4.908.138,success
1442,1442,52.330.376,486.976,success
1443,1443,52.371.166,4.863.198,doubt
1444,1444,52.361.024,4.868.881,doubt
1445,1445,52.360.304,4.893.629,success
1446,1446,52.360.008,4.859.658,doubt
1447,1447,52.352.601,4.864.325,doubt
1448,1448,52.364.595,4.907.394,doubt
1449,1449,52.370.497,491.106,doubt
1450,1450,52.344.694,4.870.584,doubt
1451,1451,52.372.357,4.860.174,doubt
1452,1452,489.973,doubt,
1453,1453,52.369.267,4.868.653,doubt
1454,1454,52.372.452,4.896.855,success
1455,1455,52.381.121,4.878.957,doubt
1456,1456,52.372.731,4.851.373,doubt
1457,1457,52.363.101,498.133,doubt
1458,1458,52.363.619,4.988.947,success
1459,1459,52.371.592,4.863.971,doubt
1460,1460,52.365.895,4.894.535,success
1461,1461,52.377.199,4.881.825,success
1462,1462,52.367.586,4.873.204,doubt
1463,1463,52.380.313,4.891.784,success
1464,1464,52.341.842,4.898.516,success
1465,1465,5.240.218,4.930.632,doubt
1466,1466,52.360.596,4.879.138,success
1467,1467,52.370.418,4.934.657,doubt
1468,1468,52.348.469,4.795.243,doubt
1469,1469,52.369.464,4.893.701,doubt
1470,1470,52.380.982,4.845.413,doubt
1471,1471,52.370.289,4.864.089,doubt
1472,1472,489.973,doubt,
1473,1473,52.354.812,4.901.037,doubt
1474,1474,52.354.517,4.902.527,success
1475,1475,52.324.681,4.870.934,doubt
1476,1476,52.354.786,4.882.899,doubt
1477,1477,52.344.608,4.906.866,success
1478,1478,52.371.419,4.908.303,success
1479,1479,52.378.337,4.846.841,success
1480,1480,52.359.026,4.853.726,doubt
1481,1481,52.380.299,4.876.553,success
1482,1482,52.350.707,4.856.842,success
1483,1483,52.362.122,4.898.975,success
1484,1484,52.401.702,4.933.954,success
1485,1485,52.366.089,4.882.538,success
1486,1486,52.366.089,4.882.538,success
1487,1487,52.379.424,4.892.033,doubt
1488,1488,52.387.686,4.887.494,success
1489,1489,52.381.927,4.885.534,success
1490,1490,52.378.884,4.895.995,doubt
1491,1491,52.355.441,4.797.782,success
1492,1492,52.374.453,4.880.113,doubt
1493,1493,489.973,doubt,
1494,1494,52.373.118,4.828.108,success
1495,1495,52.333.419,4.878.022,success
1496,1496,52.372.937,490.121,doubt
1497,1497,52.359.856,487.879,doubt
1498,1498,52.314.753,4.943.177,doubt
1499,1499,489.973,doubt,
1500,1500,52.373.934,4.937.702,doubt
1501,1501,52.410.644,4.902.682,success
1502,1502,5.239.386,4.899.778,doubt
1503,1503,52.359.045,4.787.959,success
1504,1504,52.379.823,4.849.554,doubt
1505,1505,52.347.187,4.908.138,success
1506,1506,52.352.939,4.900.974,doubt
1507,1507,5.236.213,4.862.409,success
1508,1508,52.360.096,4.893.071,doubt
1509,1509,52.396.401,4.951.185,doubt
1510,1510,52.348.849,4.839.201,doubt
1511,1511,52.348.849,4.839.201,doubt
1512,1512,52.348.849,4.839.201,doubt
1513,1513,52.348.849,4.839.201,doubt
1514,1514,52.354.661,4.900.162,doubt
1515,1515,52.336.079,4.876.628,success
1516,1516,523.622,4.877.062,success
1517,1517,52.365.219,4.863.797,doubt
1518,1518,52.369.541,4.884.185,doubt
1519,1519,52.355.697,4.887.733,doubt
1520,1520,489.973,doubt,
1521,1521,489.973,doubt,
1522,1522,52.346.225,4.813.926,success
1523,1523,52.307.908,4.984.048,success
1524,1524,52.354.022,4.917.857,doubt
1525,1525,52.372.309,4.884.095,success
1526,1526,52.396.307,4.914.018,success
1527,1527,52.358.442,4.991.017,success
1528,1528,52.359.103,4.989.896,success
1529,1529,52.401.723,4.946.547,success
1530,1530,52.347.599,4.877.301,success
1531,1531,52.337.674,4.895.298,success
1532,1532,5.235.569,4.893.565,doubt
1533,1533,52.371.754,48.896,success
1534,1534,52.361.442,4.855.165,doubt
1535,1535,52.376.122,4.845.535,success
1536,1536,52.347.187,4.908.138,success
1537,1537,489.973,doubt,
1538,1538,5.236.782,4.840.655,success
1539,1539,52.357.815,490.001,success
1540,1540,52.339.456,4.894.278,success
1541,1541,52.372.924,492.961,success
1542,1542,489.973,doubt,
1543,1543,489.973,doubt,
1544,1544,52.342.591,4.904.892,success
1545,1545,489.973,doubt,
1546,1546,52.352.937,4.776.396,success
1547,1547,52.353.345,4.926.324,doubt
1548,1548,52.365.048,4.898.317,doubt
1549,1549,52.379.077,4.853.441,doubt
1550,1550,52.350.549,4.855.281,doubt
1551,1551,52.362.122,4.898.975,success
1552,1552,52.326.621,4.879.523,success
1553,1553,489.973,doubt,
1554,1554,52.347.275,4.877.231,doubt
1555,1555,5.235.778,4.803.008,success
1556,1556,52.366.963,4.883.444,success
1557,1557,5.237.161,4.878.376,doubt
1558,1558,5.237.241,4.964.334,doubt
1559,1559,52.354.268,4.872.013,success
1560,1560,52.373.451,4.880.176,doubt
1561,1561,52.377.606,4.873.691,success
1562,1562,489.973,doubt,
1563,1563,52.347.634,4.901.834,success
1564,1564,5.234.825,4.906.915,success
1565,1565,52.352.888,4.888.895,success
1566,1566,52.369.731,4.892.156,success
1567,1567,52.394.346,4.876.453,success
1568,1568,52.382.417,4.885.611,doubt
1569,1569,52.379.823,4.849.554,doubt
1570,1570,52.354.197,4.927.909,doubt
1571,1571,52.375.682,4.862.102,doubt
1572,1572,52.366.868,4.924.812,success
1573,1573,52.358.808,4.803.176,success
1574,1574,52.358.808,4.803.176,success
1575,1575,52.383.304,4.872.181,doubt
1576,1576,52.373.613,4.882.186,doubt
1577,1577,52.368.501,4.924.356,success
1578,1578,52.390.447,4.945.324,doubt
1579,1579,52.353.222,4.865.353,success
1580,1580,52.382.584,4.849.829,doubt
1581,1581,52.361.769,4.862.475,success
1582,1582,52.377.483,4.881.525,doubt
1583,1583,52.377.999,4.880.271,success
1584,1584,52.316.921,4.948.446,success
1585,1585,489.973,doubt,
1586,1586,52.366.089,4.882.538,doubt
1587,1587,52.368.507,4.971.287,doubt
1588,1588,52.322.139,4.965.496,doubt
1589,1589,52.363.812,4.909.487,doubt
1590,1590,52.363.438,494.246,success
1591,1591,52.371.586,4.967.367,doubt
1592,1592,52.394.106,4.878.492,success
1593,1593,52.373.555,4.858.706,doubt
1594,1594,489.973,doubt,
1595,1595,52.354.812,4.901.037,doubt
1596,1596,52.369.755,4.872.422,success
1597,1597,52.353.651,4.880.711,success
1598,1598,5.237.894,4.850.918,success
1599,1599,52.331.053,5.068.744,success
1600,1600,52.382.417,4.885.611,doubt
1601,1601,52.347.187,4.908.138,success
1602,1602,52.331.053,5.068.744,success
1603,1603,52.331.053,5.068.744,success
1604,1604,52.345.195,4.888.937,doubt
1605,1605,52.352.104,4.851.211,doubt
1606,1606,52.326.111,4.871.446,success
1607,1607,52.325.632,4.872.903,doubt
1608,1608,52.364.336,4.892.515,doubt
1609,1609,52.336.678,4.877.193,success
1610,1610,52.378.551,4.894.573,success
1611,1611,52.361.875,4.933.124,doubt
1612,1612,52.349.028,4.908.977,success
1613,1613,52.359.273,4.913.881,doubt
1614,1614,52.354.139,4.839.292,success
1615,1615,52.382.417,4.885.611,doubt
1616,1616,52.341.338,4.949.743,success
1617,1617,52.351.554,4.854.858,doubt
1618,1618,52.378.346,4.846.855,success
1619,1619,52.357.733,4.899.289,success
1620,1620,52.372.113,4.891.028,doubt
1621,1621,52.364.336,4.892.515,doubt
1622,1622,52.377.512,4.854.995,success
1623,1623,52.364.996,4.876.265,doubt
1624,1624,52.380.214,4.881.349,success
1625,1625,52.369.704,4.849.363,success
1626,1626,52.399.817,4.951.387,success
1627,1627,52.322.139,4.965.496,doubt
1628,1628,52.362.486,493.623,success
1629,1629,52.354.529,4.853.002,doubt
1630,1630,52.375.093,4.846.954,doubt
1631,1631,52.344.357,4.810.287,success
1632,1632,52.382.417,4.885.611,success
1633,1633,52.382.417,4.885.611,doubt
1634,1634,52.370.736,4.912.281,success
1635,1635,52.396.572,4.939.151,success
1636,1636,489.973,doubt,
1637,1637,52.327.531,4.879.747,success
1638,1638,52.327.461,4.882.212,doubt
1639,1639,52.366.089,4.882.538,success
1640,1640,52.369.578,4.906.694,doubt
1641,1641,52.361.416,4.862.565,success
1642,1642,489.973,doubt,
1643,1643,52.362.457,4.979.589,doubt
1644,1644,52.300.959,4.983.474,success
1645,1645,52.371.294,4.879.935,success
1646,1646,52.369.838,4.899.482,doubt
1647,1647,52.393.456,487.726,doubt
1648,1648,52.332.447,4.881.834,success
1649,1649,52.404.161,4.927.333,doubt
1650,1650,52.345.942,4.854.103,success
1651,1651,52.355.974,4.910.343,doubt
1652,1652,52.355.999,491.049,doubt
1653,1653,52.334.644,4.880.678,success
1654,1654,52.355.126,4.874.117,doubt
1655,1655,52.348.776,4.904.201,success
1656,1656,52.355.588,4.792.307,success
1657,1657,52.335.035,4.868.999,doubt
1658,1658,52.375.554,4.898.314,success
1659,1659,52.333.623,4.875.246,doubt
1660,1660,5.237.056,4.889.144,success
1661,1661,5.235.298,4.836.479,success
1662,1662,52.364.784,487.518,doubt
1663,1663,52.350.321,4.796.086,success
1664,1664,52.382.417,4.885.611,doubt
1665,1665,52.347.187,4.908.138,success
1666,1666,52.349.234,4.785.244,success
1667,1667,52.374.375,4.881.795,doubt
1668,1668,52.371.667,4.922.986,doubt
1669,1669,52.365.027,4.942.769,success
1670,1670,489.973,doubt,
1671,1671,52.355.141,4.837.472,success
1672,1672,52.339.456,4.894.278,success
1673,1673,52.366.586,4.898.216,success
1674,1674,52.384.195,4.877.771,success
1675,1675,52.372.398,4.903.389,doubt
1676,1676,52.345.754,4.856.197,success
1677,1677,52.373.873,4.884.165,doubt
1678,1678,52.358.948,4.807.396,doubt
1679,1679,52.375.654,4.884.615,success
1680,1680,52.358.086,4.901.308,doubt
1681,1681,52.346.015,4.855.261,success
1682,1682,52.345.615,4.859.659,doubt
1683,1683,52.328.294,4.864.966,success
1684,1684,52.347.136,4.869.895,doubt
1685,1685,52.327.548,4.885.981,success
1686,1686,52.368.808,4.860.388,success
1687,1687,489.973,doubt,
1688,1688,5.237.289,4.968.642,doubt
1689,1689,52.356.327,4.786.068,success
1690,1690,52.384.051,4.850.001,success
1691,1691,52.344.975,4.856.643,success
1692,1692,52.356.993,4.892.697,success
1693,1693,52.355.792,4.891.269,doubt
1694,1694,52.327.574,4.881.419,success
1695,1695,52.361.242,4.873.078,doubt
1696,1696,489.973,doubt,
1697,1697,52.347.277,484.719,doubt
1698,1698,52.343.319,4.868.692,doubt
1699,1699,52.367.738,4.897.963,doubt
1700,1700,52.367.757,4.850.479,doubt
1701,1701,52.376.791,4.844.659,success
1702,1702,5.240.174,4.934.002,success
1703,1703,52.401.809,4.934.037,success
1704,1704,52.366.589,4.872.957,doubt
1705,1705,489.973,doubt,
1706,1706,52.351.992,4.896.023,doubt
1707,1707,52.344.245,4.915.994,success
1708,1708,52.362.651,4.867.481,success
1709,1709,52.339.395,4.917.887,doubt
1710,1710,52.342.771,4.823.815,success
1711,1711,52.392.409,4.913.469,doubt
1712,1712,52.391.159,4.913.519,success
1713,1713,52.371.965,4.896.375,doubt
1714,1714,52.370.433,4.882.517,success
1715,1715,52.377.595,4.883.729,success
1716,1716,52.352.162,4.847.741,success
1717,1717,52.326.224,4.976.108,success
1718,1718,52.370.862,4.855.134,success
1719,1719,52.359.099,4.897.618,success
1720,1720,52.365.671,4.911.332,doubt
1721,1721,52.354.637,4.886.776,doubt
1722,1722,52.382.259,4.833.741,success
1723,1723,5.235.056,4.885.511,success
1724,1724,52.379.901,4.879.471,doubt
1725,1725,52.366.979,4.895.543,doubt
1726,1726,52.360.696,4.861.962,success
1727,1727,52.367.244,4.872.641,doubt
1728,1728,52.347.187,4.908.138,success
1729,1729,52.379.823,4.849.554,doubt
1730,1730,52.380.101,4.875.811,doubt
1731,1731,52.354.105,4.878.023,doubt
1732,1732,52.376.516,488.647,doubt
1733,1733,52.378.228,4.848.575,doubt
1734,1734,52.387.005,4.884.428,doubt
1735,1735,52.330.429,487.253,success
1736,1736,52.380.011,4.890.532,success
1737,1737,52.374.796,4.858.749,doubt
1738,1738,5.238.102,4.882.468,success
1739,1739,52.381.011,4.882.439,success
1740,1740,52.381.001,4.882.395,success
1741,1741,52.361.177,494.356,doubt
1742,1742,52.348.519,5.007.176,success
1743,1743,52.406.104,4.915.218,success
1744,1744,52.351.166,5.009.724,success
1745,1745,52.383.979,4.878.895,doubt
1746,1746,52.382.735,487.581,doubt
1747,1747,52.358.322,4.923.419,success
1748,1748,52.349.978,4.799.207,doubt
1749,1749,52.387.686,4.887.494,doubt
1750,1750,52.383.184,4.853.087,success
1751,1751,52.315.881,4.952.572,doubt
1752,1752,52.354.541,4.890.843,doubt
1753,1753,52.379.572,4.878.407,success
1754,1754,52.361.503,4.875.125,success
1755,1755,52.359.054,4.788.018,success
1756,1756,52.365.975,4.880.452,doubt
1757,1757,5.234.125,4.921.543,doubt
1758,1758,52.340.525,4.921.696,doubt
1759,1759,52.373.594,4.968.041,doubt
1760,1760,52.379.823,4.849.554,doubt
1761,1761,52.382.417,4.885.611,doubt
1762,1762,52.324.358,4.858.534,doubt
1763,1763,52.373.925,4.905.281,doubt
1764,1764,5.237.417,4.863.574,doubt
1765,1765,52.327.495,4.880.712,success
1766,1766,5.232.619,4.872.353,success
1767,1767,52.363.476,4.905.469,success
1768,1768,52.377.603,4.851.358,doubt
1769,1769,52.372.548,4.863.881,doubt
1770,1770,5.237.056,4.889.144,success
1771,1771,52.347.128,4.910.959,doubt
1772,1772,52.333.429,4.876.129,doubt
1773,1773,52.346.014,4.908.976,success
1774,1774,52.327.461,4.858.417,doubt
1775,1775,52.318.769,4.978.796,success
1776,1776,52.382.259,4.833.741,success
1777,1777,5.237.289,4.968.642,doubt
1778,1778,52.373.285,4.829.275,success
1779,1779,52.355.581,4.895.827,success
1780,1780,52.324.358,4.858.534,success
1781,1781,52.372.137,4.829.339,success
1782,1782,52.372.515,4.829.306,doubt
1783,1783,52.327.583,4.881.433,success
1784,1784,52.336.436,4.875.548,doubt
1785,1785,489.973,doubt,
1786,1786,52.364.488,4.943.091,success
1787,1787,52.377.085,4.887.051,success
1788,1788,52.375.056,4.963.563,doubt
1789,1789,5.236.416,4.889.047,doubt
1790,1790,52.386.327,4.887.727,success
1791,1791,5.236.086,4.859.826,doubt
1792,1792,52.379.823,4.849.554,doubt
1793,1793,52.354.812,4.901.037,doubt
1794,1794,52.343.283,4.868.693,doubt
1795,1795,52.363.945,4.898.329,success
1796,1796,52.372.566,4.869.574,success
1797,1797,52.348.849,4.839.201,doubt
1798,1798,5.237.056,4.889.144,success
1799,1799,5.237.056,4.889.144,success
1800,1800,52.359.371,4.858.101,success
1801,1801,52.363.535,4.905.843,success
1802,1802,52.382.019,4.879.093,doubt
1803,1803,52.380.576,4.885.999,doubt
1804,1804,5.235.135,4.890.665,success
1805,1805,52.371.166,4.863.198,doubt
1806,1806,52.363.388,4.889.255,doubt
1807,1807,52.381.927,4.885.534,success
1808,1808,52.374.572,4.879.473,doubt
1809,1809,52.401.758,4.933.992,success
1810,1810,52.325.415,48.842,success
1811,1811,52.374.414,4.899.625,success
1812,1812,52.375.858,4.891.292,success
1813,1813,52.377.784,4.884.513,success
1814,1814,52.401.769,4.934,success
1815,1815,52.401.747,4.933.986,success
1816,1816,52.297.131,4.976.259,success
1817,1817,52.378.884,4.895.995,doubt
1818,1818,52.394.007,4.899.278,success
1819,1819,52.363.061,4.935.452,doubt
1820,1820,52.361.822,4.852.588,doubt
1821,1821,52.370.389,4.839.527,doubt
1822,1822,52.339.568,4.919.455,success
1823,1823,489.973,doubt,
1824,1824,52.382.417,4.885.611,doubt
1825,1825,52.347.187,4.908.138,success
1826,1826,52.375.858,4.891.292,success
1827,1827,5.235.463,4.905.917,doubt
1828,1828,52.373.158,4.838.783,success
1829,1829,52.360.903,4.860.949,success
1830,1830,52.361.044,4.889.863,success
1831,1831,5.238.254,4.888.964,success
1832,1832,52.362.122,4.898.975,success
1833,1833,52.350.568,4.802.164,success
1834,1834,52.380.313,4.891.784,success
1835,1835,52.365.048,4.898.317,success
1836,1836,52.327.531,4.877.546,success
1837,1837,52.364.306,4.835.558,success
1838,1838,52.374.635,4.896.412,success
1839,1839,52.355.899,4.895.048,success
1840,1840,52.376.463,4.923.644,success
1841,1841,5.239.386,4.899.778,doubt
1842,1842,52.335.035,4.868.999,doubt
1843,1843,52.370.566,4.857.654,doubt
1844,1844,52.354.637,4.886.776,doubt
1845,1845,52.362.923,4.898.906,success
1846,1846,52.336.678,4.877.193,success
1847,1847,52.352.802,4.803.402,doubt
1848,1848,5.237.083,4.869.921,success
1849,1849,52.362.966,4.909.027,doubt
1850,1850,52.370.772,4.899.325,doubt
1851,1851,5.233.447,4.882,success
1852,1852,489.973,doubt,
1853,1853,52.377.634,4.879.553,doubt
1854,1854,52.327.593,4.885.966,success
1855,1855,52.361.228,4.882.385,doubt
1856,1856,52.382.417,4.885.611,doubt
1857,1857,52.382.417,4.885.611,doubt
1858,1858,52.354.654,4.871.026,doubt
1859,1859,52.354.151,4.883.567,doubt
1860,1860,52.354.169,4.883.655,doubt
1861,1861,52.362.651,4.867.481,success
1862,1862,52.354.605,4.795.153,success
1863,1863,52.342.126,4.866.694,success
1864,1864,52.366.207,4.882.314,doubt
1865,1865,52.365.548,487.606,success
1866,1866,52.351.519,4.912.129,success
1867,1867,5.236.625,4.867.339,doubt
1868,1868,52.385.617,4.833.866,doubt
1869,1869,52.370.203,4.858.701,doubt
1870,1870,52.380.957,4.880.516,doubt
1871,1871,52.353.912,488.012,doubt
1872,1872,52.369.781,4.867.401,success
1873,1873,52.373.798,4.900.672,doubt
1874,1874,52.381.927,4.885.534,success
1875,1875,52.335.851,4.872.814,success
1876,1876,52.358.172,4.925.452,doubt
1877,1877,doubt,,
1878,1878,52.370.886,488.997,doubt
1879,1879,52.353.218,4.852.775,success
1880,1880,4.912.345,success,
1881,1881,5.233.569,4.876.104,success
1882,1882,5.237.083,4.869.921,success
1883,1883,5.234.494,4.951.867,doubt
1884,1884,52.336.678,4.877.193,doubt
1885,1885,52.354.037,4.855.489,doubt
1886,1886,52.356.205,4.813.625,success
1887,1887,52.343.919,4.902.071,doubt
1888,1888,489.973,doubt,
1889,1889,52.382.417,4.885.611,success
1890,1890,52.360.879,4.915.377,doubt
1891,1891,52.376.787,4.893.135,doubt
1892,1892,52.346.846,4.890.445,doubt
1893,1893,52.317.756,4.957.289,success
1894,1894,52.298.957,4.955.321,success
1895,1895,5.238.254,4.888.964,success
1896,1896,52.381.966,4.885.263,doubt
1897,1897,52.347.187,4.908.138,doubt
1898,1898,52.384.614,4.871.749,doubt
1899,1899,52.327.461,4.858.417,doubt
1900,1900,52.363.508,4.884.942,success
1901,1901,52.318.351,4.980.421,success
1902,1902,489.973,doubt,
1903,1903,52.374.193,4.876.384,success
1904,1904,52.299.537,4.987.297,success
1905,1905,52.373.158,4.838.783,success
1906,1906,52.353.169,4.884.748,doubt
1907,1907,52.351.992,4.896.023,doubt
1908,1908,52.362.923,4.898.906,success
1909,1909,52.387.209,4.885.357,doubt
1910,1910,52.370.228,4.889.375,doubt
1911,1911,52.374.436,488.993,success
1912,1912,52.363.264,4.936.844,doubt
1913,1913,52.350.553,4.848.265,doubt
1914,1914,52.370.522,4.905.063,success
1915,1915,52.355.312,4.873.499,doubt
1916,1916,52.343.755,4.901.324,doubt
1917,1917,52.375.272,4.898.911,success
1918,1918,52.360.661,4.932.696,success
1919,1919,52.393.014,5.295.605,success
1920,1920,52.347.277,484.719,doubt
1921,1921,52.382.417,4.885.611,doubt
1922,1922,52.393.014,5.295.605,success
1923,1923,52.393.014,5.295.605,success
1924,1924,52.351.494,493.622,doubt
1925,1925,52.315.949,494.564,doubt
1926,1926,52.360.596,4.879.138,success
1927,1927,52.331.904,4.873.049,success
1928,1928,52.333.695,4.873.191,success
1929,1929,52.356.321,4.838.934,success
1930,1930,52.354.163,4.871.692,success
1931,1931,52.373.945,4.888.144,doubt
1932,1932,52.371.607,4.897.321,doubt
1933,1933,52.350.118,4.912.438,doubt
1934,1934,52.382.185,4.851.171,doubt
1935,1935,52.384.398,4.867.668,success
1936,1936,52.365.048,4.898.317,success
1937,1937,5.236.879,4.854.254,doubt
1938,1938,52.365.521,4.887.828,doubt
1939,1939,52.387.184,4.935.345,success
1940,1940,489.973,doubt,
1941,1941,52.355.141,4.837.472,success
1942,1942,52.371.922,4.852.183,doubt
1943,1943,52.345.249,485.825,success
1944,1944,52.348.818,4.877.203,success
1945,1945,52.352.177,4.918.998,doubt
1946,1946,52.352.177,4.918.998,doubt
1947,1947,5.235.712,4.921.729,doubt
1948,1948,5.235.102,493.704,success
1949,1949,52.399.525,4.932.976,success
1950,1950,52.355.141,4.837.472,success
1951,1951,52.377.961,4.847.437,success
1952,1952,489.973,doubt,
1953,1953,52.382.417,4.885.611,doubt
1954,1954,52.370.228,4.889.375,doubt
1955,1955,52.318.698,49.802,success
1956,1956,52.359.511,4.895.118,success
1957,1957,52.353.977,4.878.582,success
1958,1958,52.349.028,4.908.977,success
1959,1959,52.324.681,4.870.934,doubt
1960,1960,52.324.681,4.870.934,doubt
1961,1961,52.405.983,4.916.233,doubt
1962,1962,52.355.712,4.939.667,success
1963,1963,5.237.665,48.554,success
1964,1964,52.353.859,4.902.028,success
1965,1965,52.354.139,4.839.292,success
1966,1966,52.393.085,4.880.948,doubt
1967,1967,52.327.576,4.879.746,success
1968,1968,52.324.098,4.859.324,success
1969,1969,52.382.613,4.871.248,success
1970,1970,52.327.567,4.879.746,success
1971,1971,52.353.248,4.913.115,doubt
1972,1972,52.377.483,4.881.525,doubt
1973,1973,52.383.356,4.916.502,success
1974,1974,52.353.856,4.867.263,success
1975,1975,52.374.314,4.888.639,success
1976,1976,5.234.909,4.862.788,success
1977,1977,52.364.893,488.163,doubt
1978,1978,52.336.433,4.876.067,doubt
1979,1979,52.379.275,4.890.625,doubt
1980,1980,doubt,,
1981,1981,5.238.168,4.881.448,doubt
1982,1982,52.373.397,4.840.402,doubt
1983,1983,52.358.378,4.806.926,success
1984,1984,52.347.187,4.908.138,success
1985,1985,52.379.823,4.849.554,doubt
1986,1986,489.973,doubt,
1987,1987,52.376.122,4.845.535,success
1988,1988,52.376.122,4.845.535,success
1989,1989,52.374.786,4.875.065,success
1990,1990,52.377.754,4.854.435,success
1991,1991,52.346.071,486.891,doubt
1992,1992,52.378.434,4.885.008,doubt
1993,1993,52.343.022,4.908.992,success
1994,1994,52.354.168,5.003.047,success
1995,1995,5.234.596,4.854.191,success
1996,1996,5.236.143,4.877.224,success
1997,1997,52.366.877,4.898.516,success
1998,1998,5.237.651,4.895.299,doubt
1999,1999,52.385.462,491.792,doubt
2000,2000,52.342.071,4.905.011,doubt
2001,2001,52.347.187,4.908.138,success
2002,2002,52.361.141,49.089,doubt
2003,2003,doubt,,
2004,2004,52.383.374,4.834.148,doubt
2005,2005,52.373.158,4.838.783,success
2006,2006,52.374.372,4.963.529,success
2007,2007,52.327.513,4.885.981,success
2008,2008,5.232.746,4.875.845,success
2009,2009,52.375.959,4.907.717,doubt
2010,2010,489.973,doubt,
2011,2011,52.347.255,4.922.492,success
2012,2012,52.345.932,4.897.543,doubt
2013,2013,52.346.498,4.897.537,doubt
2014,2014,52.383.939,4.892.673,success
2015,2015,52.350.124,485.253,doubt
2016,2016,52.382.417,4.885.611,doubt
2017,2017,52.382.417,4.885.611,success
2018,2018,52.336.919,4.913.061,doubt
2019,2019,52.338.917,4.900.878,doubt
2020,2020,52.375.966,492.601,success
2021,2021,52.383.521,4.891.532,success
2022,2022,5.237.602,4.926.038,success
2023,2023,52.343.927,4.915.102,success
2024,2024,52.359.817,4.906.198,success
2025,2025,52.337.443,487.109,doubt
2026,2026,52.336.919,4.913.061,doubt
2027,2027,5.234.367,4.916.044,success
2028,2028,52.348.469,4.795.243,doubt
2029,2029,52.343.807,4.916.673,success
2030,2030,52.363.002,4.849.986,success
2031,2031,52.347.317,4.874.516,doubt
2032,2032,52.367.586,4.873.204,success
2033,2033,52.377.162,4.888.919,success
2034,2034,52.376.593,4.896.221,success
2035,2035,52.318.351,4.980.421,success
2036,2036,52.368.897,4.884.941,doubt
2037,2037,52.339.456,4.894.278,success
2038,2038,52.348.578,4.902.827,doubt
2039,2039,52.366.661,4.897.305,success
2040,2040,52.402.353,493.054,doubt
2041,2041,52.376.153,4.895.762,doubt
2042,2042,52.376.153,4.895.762,doubt
2043,2043,489.973,doubt,
2044,2044,5.235.008,4.922.676,success
2045,2045,5.235.398,4.890.316,doubt
2046,2046,52.353.847,4.881.897,success
2047,2047,52.362.284,4.891.784,success
2048,2048,52.382.417,4.885.611,success
2049,2049,52.382.417,4.885.611,doubt
2050,2050,5.236.136,4.909.734,doubt
2051,2051,doubt,,
2052,2052,52.327.461,4.858.417,doubt
2053,2053,52.383.796,4.851.579,success
2054,2054,52.376.486,4.936.321,success
2055,2055,52.352.983,4.900.163,doubt
2056,2056,489.973,doubt,
2057,2057,52.357.053,482.014,success
2058,2058,52.324.708,4.875.113,success
2059,2059,failed,failed,failed
2060,2060,52.364.914,4.876.383,doubt
2061,2061,52.341.528,4.903.916,success
2062,2062,52.345.194,4.870.155,success
2063,2063,52.371.907,4.879.771,success
2064,2064,52.362.122,4.898.975,success
2065,2065,5.237.734,4.881.644,success
2066,2066,52.363.508,4.884.942,success
2067,2067,52.374.237,4.892.394,success
2068,2068,52.371.164,4.873.306,success
2069,2069,52.331.355,4.870.255,success
2070,2070,doubt,,
2071,2071,52.365.351,4.850.889,doubt
2072,2072,5.236.582,4.910.288,success
2073,2073,52.370.835,4.878.018,doubt
2074,2074,52.384.357,4.892.262,success
2075,2075,52.327.495,4.880.712,doubt
2076,2076,52.401.797,4.891.457,success
2077,2077,52.361.127,4.928.249,doubt
2078,2078,52.388.796,4.915.682,doubt
2079,2079,489.973,doubt,
2080,2080,52.347.187,4.908.138,success
2081,2081,52.382.417,4.885.611,doubt
2082,2082,52.383,488.131,success
2083,2083,52.335.729,4.876.185,success
2084,2084,52.353.068,4.853.812,doubt
2085,2085,52.318.068,4.943.183,success
2086,2086,52.366.353,488.707,doubt
2087,2087,52.381.927,4.885.534,success
2088,2088,5.236.934,4.850.482,doubt
2089,2089,52.298.977,4.955.994,doubt
2090,2090,52.363.055,4.910.268,doubt
2091,2091,52.372.391,4.859.586,doubt
2092,2092,52.373.881,4.864.986,success
2093,2093,5.234.262,485.792,success
2094,2094,52.372.313,4.876.004,doubt
2095,2095,52.359.406,4.895.233,success
2096,2096,52.344.337,4.900.403,doubt
2097,2097,52.365.993,4.903.332,doubt
2098,2098,52.368.851,4.849.982,doubt
2099,2099,52.364.747,4.883.314,doubt
2100,2100,52.372.313,4.876.004,success
2101,2101,52.298.977,4.955.994,doubt
2102,2102,52.298.977,4.955.994,doubt
2103,2103,5.237.056,4.889.144,doubt
2104,2104,489.973,success,
2105,2105,52.361.608,4.874.527,doubt
2106,2106,5.237.289,4.968.642,doubt
2107,2107,52.346.297,4.853.086,success
2108,2108,52.345.584,4.873.906,doubt
2109,2109,52.346.202,4.908.664,doubt
2110,2110,52.354.139,4.839.292,success
2111,2111,52.339.345,4.893.381,success
2112,2112,489.973,doubt,
2113,2113,52.347.187,4.908.138,success
2114,2114,52.355.141,4.837.472,success
2115,2115,52.354.139,4.839.292,success
2116,2116,52.354.139,4.839.292,success
2117,2117,5.230.385,496.535,success
2118,2118,52.354.637,4.886.776,doubt
2119,2119,489.973,doubt,
2120,2120,52.366.089,4.882.538,success
2121,2121,5.236.625,4.867.339,doubt
2122,2122,52.348.101,4.887.525,doubt
2123,2123,52.362.814,492.739,success
2124,2124,52.355.581,4.895.827,success
2125,2125,52.401.823,4.937.349,doubt
2126,2126,52.366.897,4.871.441,success
2127,2127,5.235.531,4.787.205,success
2128,2128,52.396.408,4.939.403,doubt
2129,2129,52.363.831,4.909.619,doubt
2130,2130,52.353.463,4.847.657,doubt
2131,2131,489.973,doubt,
2132,2132,52.347.828,4.893.222,success
2133,2133,52.327.461,4.858.417,doubt
2134,2134,52.326.266,4.871.666,success
2135,2135,52.364.242,4.875.783,success
2136,2136,52.367.575,4.884.809,doubt
2137,2137,52.365.416,4.876.657,doubt
2138,2138,52.359.406,4.895.233,success
2139,2139,52.380.576,4.883.781,success
2140,2140,52.336.455,4.870.057,success
2141,2141,52.339.106,4.918.462,success
2142,2142,52.355.354,4.887.458,success
2143,2143,52.392.735,4.956.114,doubt
2144,2144,52.382.417,4.885.611,doubt
2145,2145,52.347.277,484.719,doubt
2146,2146,52.352.562,4.932.814,doubt
2147,2147,52.365.631,4.886.432,doubt
2148,2148,52.361.024,4.868.881,doubt
2149,2149,52.342.704,4.875.934,doubt
2150,2150,52.369.578,4.906.694,success
2151,2151,52.368.813,4.897.129,success
2152,2152,52.354.362,4.849.461,success
2153,2153,52.362.122,4.898.975,success
2154,2154,52.361.676,4.886.241,doubt
2155,2155,52.362.734,4.937.099,doubt
2156,2156,52.374.849,4.945.041,success
2157,2157,52.366.507,4.874.779,doubt
2158,2158,52.366.943,4.894.429,doubt
2159,2159,5.235.082,4.917.127,doubt
2160,2160,52.349.216,4.836.661,doubt
2161,2161,52.354.997,4.879.317,success
2162,2162,52.354.581,4.886.157,success
2163,2163,52.350.229,4.854.125,doubt
2164,2164,52.355.364,4.834.969,success
2165,2165,52.374.124,4.873.648,doubt
2166,2166,52.339.995,4.894.116,doubt
2167,2167,52.379.613,4.879.283,doubt
2168,2168,52.375.406,48.746,success
2169,2169,5.237.289,4.968.642,doubt
2170,2170,5.236.642,4.903.058,doubt
2171,2171,52.363.356,4.918.976,success
2172,2172,52.361.316,4.899.106,doubt
2173,2173,52.375.759,4.898.664,success
2174,2174,52.363.145,4.895.709,doubt
2175,2175,52.353.169,4.884.748,success
2176,2176,52.347.187,4.908.138,success
2177,2177,52.382.417,4.885.611,doubt
2178,2178,52.369.852,4.889.543,success
2179,2179,5.236.704,4.852.866,doubt
2180,2180,52.361.691,4.889.897,success
2181,2181,5.236.369,4.828.212,doubt
2182,2182,52.376.662,4.889.244,success
2183,2183,52.356.321,4.838.934,success
2184,2184,52.372.489,4.853.564,success
2185,2185,52.383.304,4.872.181,doubt
2186,2186,52.372.563,4.902.937,success
2187,2187,52.356.078,4.849.607,doubt
2188,2188,52.372.507,4.853.572,success
2189,2189,52.357.201,4.835.614,doubt
2190,2190,52.355.581,4.895.827,success
2191,2191,52.373.735,4.828.029,success
2192,2192,52.372.579,4.964.555,doubt
2193,2193,52.363.601,4.807.718,success
2194,2194,52.362.837,4.908.221,doubt
2195,2195,52.357.572,4.807.961,success
2196,2196,52.356.006,4.873.316,success
2197,2197,52.364.747,4.883.314,doubt
2198,2198,52.349.978,4.799.207,doubt
2199,2199,failed,failed,failed
2200,2200,failed,failed,failed
2201,2201,52.327.126,485.723,success
2202,2202,52.365.984,4.851.851,doubt
2203,2203,52.352.025,5.002.068,success
2204,2204,52.332.122,4.888.758,success
2205,2205,5.230.831,4.956.602,doubt
2206,2206,52.387.916,4.821.086,success
2207,2207,52.355.141,4.837.472,success
2208,2208,52.382.417,4.885.611,doubt
2209,2209,52.347.277,484.719,doubt
2210,2210,52.355.141,4.837.472,success
2211,2211,52.375.959,4.907.717,doubt
2212,2212,52.380.772,4.892.018,doubt
2213,2213,52.362.665,4.876.451,success
2214,2214,52.360.053,4.879.957,doubt
2215,2215,52.341.399,4.951.148,success
2216,2216,52.359.119,487.686,success
2217,2217,52.354.302,4.876.916,doubt
2218,2218,52.308.138,4.952.149,success
2219,2219,52.357.979,4.875.097,doubt
2220,2220,52.367.405,4.893.165,doubt
2221,2221,52.353.859,4.902.028,success
2222,2222,52.361.825,4.889.364,success
2223,2223,52.361.825,4.889.364,doubt
2224,2224,52.365.531,4.939.512,doubt
2225,2225,52.374.081,4.848.754,success
2226,2226,52.344.525,4.826.192,success
2227,2227,52.389.227,4.889.309,success
2228,2228,52.367.405,4.893.165,doubt
2229,2229,51.977.773,5.925.807,doubt
2230,2230,52.354.139,4.839.292,success
2231,2231,52.345.288,4.794.045,doubt
2232,2232,52.364.548,4.852.353,success
2233,2233,52.339.065,4.900.357,success
2234,2234,52.339.345,4.893.381,success
2235,2235,52.365.146,4.863.592,doubt
2236,2236,52.331.756,4.871.159,success
2237,2237,52.365.984,4.851.851,doubt
2238,2238,52.361.024,4.868.881,doubt
2239,2239,52.350.566,4.891.676,success
2240,2240,52.354.812,4.901.037,doubt
2241,2241,52.382.417,4.885.611,doubt
2242,2242,52.342.952,4.860.743,doubt
2243,2243,52.340.626,4.848.236,success
2244,2244,52.347.968,4.847.005,doubt
2245,2245,52.327.461,4.858.417,doubt
2246,2246,52.353.611,4.846.742,doubt
2247,2247,52.325.808,4.949.434,success
2248,2248,52.372.494,4.966.063,doubt
2249,2249,52.372.494,4.966.063,doubt
2250,2250,52.344.699,4.861.485,success
2251,2251,52.325.472,4.877.379,doubt
2252,2252,52.371.607,4.889.978,success
2253,2253,52.345.615,4.859.659,doubt
2254,2254,52.353.199,4.916.515,success
2255,2255,52.366.956,4.890.049,success
2256,2256,52.377.634,4.879.553,success
2257,2257,52.375.988,4.886.961,doubt
2258,2258,52.370.433,4.882.517,success
2259,2259,52.368.708,487.992,success
2260,2260,5.237.056,4.889.144,success
2261,2261,52.372.383,4.882.552,doubt
2262,2262,52.363.508,4.898.005,success
2263,2263,52.079.237,4.364.192,success
2264,2264,52.369.254,4.888.593,doubt
2265,2265,52.373.285,4.829.275,success
2266,2266,5.231.862,4.966.166,success
2267,2267,52.335.851,4.872.946,success
2268,2268,52.382.198,4.890.019,success
2269,2269,489.973,doubt,
2270,2270,52.383.184,4.853.087,success
2271,2271,52.373.285,4.829.275,success
2272,2272,52.382.417,4.885.611,doubt
2273,2273,52.379.823,4.849.554,doubt
2274,2274,52.363.797,4.894.865,doubt
2275,2275,52.298.323,4.976.282,success
2276,2276,52.378.835,4.888.676,doubt
2277,2277,5.238.487,4.921.021,success
2278,2278,52.351.412,4.879.837,success
2279,2279,52.355.141,4.837.472,success
2280,2280,52.364.747,4.908.655,success
2281,2281,52.412.397,4.918.023,success
2282,2282,52.375.865,4.844.425,success
2283,2283,52.326.266,4.871.666,success
2284,2284,52.326.266,4.871.666,success
2285,2285,52.326.266,4.871.666,success
2286,2286,52.376.357,4.907.598,success
2287,2287,52.356.321,4.838.934,success
2288,2288,52.375.858,4.891.292,success
2289,2289,52.375.809,4.844.188,success
2290,2290,52.358.181,4.875.858,doubt
2291,2291,52.362.405,489.927,doubt
2292,2292,52.370.198,4.897.393,success
2293,2293,52.368.336,4.896.973,doubt
2294,2294,52.390.755,4.913.443,doubt
2295,2295,52.376.002,4.882.477,doubt
2296,2296,52.373.729,4.827.983,success
2297,2297,52.383.494,4.876.727,doubt
2298,2298,52.342.892,4.873.114,doubt
2299,2299,52.404.161,4.927.333,doubt
2300,2300,52.376.122,4.845.535,success
2301,2301,523.425,4.897.963,doubt
2302,2302,52.362.923,4.898.906,success
2303,2303,52.370.961,4.898.727,success
2304,2304,52.382.417,4.885.611,doubt
2305,2305,52.382.417,4.885.611,doubt
2306,2306,52.342.892,4.873.114,doubt
2307,2307,52.351.284,4.859.917,success
2308,2308,52.361.024,4.868.881,doubt
2309,2309,52.403.942,4.941.201,success
2310,2310,52.372.019,4.896.447,doubt
2311,2311,52.344.564,4.865.655,doubt
2312,2312,5.236.118,4.852.951,doubt
2313,2313,52.349.607,4.839.925,success
2314,2314,52.364.035,4.892.455,doubt
2315,2315,5.234.798,4.876.123,doubt
2316,2316,52.377.579,488.245,doubt
2317,2317,52.361.078,4.910.792,success
2318,2318,52.378.549,4.802.617,doubt
2319,2319,52.365.895,4.894.535,success
2320,2320,52.353.222,4.865.353,doubt
2321,2321,52.369.334,494.436,doubt
2322,2322,failed,failed,failed
2323,2323,52.362.652,4.937.921,success
2324,2324,52.330.156,4.874.195,success
2325,2325,52.376.256,489.957,success
2326,2326,52.718.439,6.860.902,doubt
2327,2327,52.339.568,4.919.455,success
2328,2328,52.355.601,4.888.409,doubt
2329,2329,52.383.942,48.723,doubt
2330,2330,52.365.895,4.894.535,success
2331,2331,52.344.608,4.906.866,success
2332,2332,5.230.786,4.993.466,success
2333,2333,52.374.245,489.353,success
2334,2334,52.378.884,4.895.995,doubt
2335,2335,52.376.033,4.887.034,doubt
2336,2336,52.382.417,4.885.611,success
2337,2337,489.973,doubt,
2338,2338,52.363.825,4.894.938,doubt
2339,2339,52.372.726,4.892.135,success
2340,2340,52.361.805,4.881.884,success
2341,2341,52.369.578,4.906.694,success
2342,2342,52.327.495,4.880.712,doubt
2343,2343,5.236.035,4.886.607,success
2344,2344,52.346.995,5.009.678,doubt
2345,2345,52.371.265,4.967.746,doubt
2346,2346,52.367.038,4.851.559,success
2347,2347,52.369.735,4.891.233,success
2348,2348,489.973,doubt,
2349,2349,52.369.638,4.923.306,doubt
2350,2350,489.973,doubt,
2351,2351,52.364.747,4.883.314,doubt
2352,2352,52.364.747,4.883.314,doubt
2353,2353,489.973,doubt,
2354,2354,52.375.991,4.879.427,doubt
2355,2355,52.331.058,4.872.312,success
2356,2356,52.331.108,4.869.378,success
2357,2357,52.372.452,4.896.855,success
2358,2358,52.372.309,4.884.095,success
2359,2359,52.356.685,4.890.126,success
2360,2360,52.339.345,4.893.381,success
2361,2361,52.355.141,4.837.472,success
2362,2362,52.355.141,4.837.472,success
2363,2363,52.355.141,4.837.472,success
2364,2364,52.362.294,4.898.699,doubt
2365,2365,52.362.294,4.898.699,doubt
2366,2366,52.362.294,4.898.699,doubt
2367,2367,52.392.854,4.878.787,success
2368,2368,52.379.823,4.849.554,doubt
2369,2369,52.382.417,4.885.611,doubt
2370,2370,52.365,486.305,doubt
2371,2371,52.400.503,49.337,doubt
2372,2372,52.364.336,4.892.515,doubt
2373,2373,52.370.237,4.911.078,doubt
2374,2374,52.346.015,4.855.261,success
2375,2375,52.360.453,4.881.822,doubt
2376,2376,52.360.453,4.881.822,doubt
2377,2377,52.382.198,4.890.019,success
2378,2378,52.363.286,4.884.373,success
2379,2379,52.361.503,4.875.125,success
2380,2380,52.382.662,488.291,success
2381,2381,52.357.354,4.999.953,success
2382,2382,52.378.154,4.884.288,success
2383,2383,52.364.698,4.886.736,doubt
2384,2384,52.349.658,4.835.302,success
2385,2385,52.343.383,4.799.384,success
2386,2386,5.237.651,4.895.299,doubt
2387,2387,5.235.135,4.890.665,doubt
2388,2388,52.335.239,4.887.317,success
2389,2389,52.369.318,484.977,doubt
2390,2390,52.356.321,4.838.934,success
2391,2391,52.371.617,4.875.835,doubt
2392,2392,52.382.948,4.886.692,doubt
2393,2393,52.356.804,4.814.618,success
2394,2394,52.360.907,485.225,doubt
2395,2395,52.391.012,4.890.873,success
2396,2396,52.373.649,4.863.697,doubt
2397,2397,52.375.988,4.886.961,doubt
2398,2398,52.375.988,4.886.961,doubt
2399,2399,489.973,doubt,
2400,2400,52.347.187,4.908.138,success
2401,2401,52.354.812,4.901.037,doubt
2402,2402,52.405.283,4.910.115,success
2403,2403,489.973,doubt,
2404,2404,489.973,doubt,
2405,2405,489.973,doubt,
2406,2406,489.973,doubt,
2407,2407,489.973,doubt,
2408,2408,489.973,doubt,
2409,2409,489.973,doubt,
2410,2410,52.371.522,489.588,doubt
2411,2411,52.327.583,488.356,success
2412,2412,489.973,doubt,
2413,2413,5.235.567,4.892.034,success
2414,2414,52.369.704,4.849.363,success
2415,2415,52.367.586,4.873.204,doubt
2416,2416,52.381.001,4.820.724,success
2417,2417,52.377.104,488.965,doubt
2418,2418,52.355.442,489.553,doubt
2419,2419,52.354.225,4.890.391,success
2420,2420,52.336.678,4.877.193,doubt
2421,2421,52.332.447,4.881.834,success
2422,2422,5.237.651,4.895.299,doubt
2423,2423,52.366.744,4.935.962,success
2424,2424,52.371.662,4.896.365,success
2425,2425,52.333.989,4.874.699,success
2426,2426,52.354.812,4.901.037,doubt
2427,2427,52.392.854,4.878.787,success
2428,2428,52.392.854,4.878.787,success
2429,2429,52.361.357,4.879.494,success
2430,2430,52.400.077,4.944.722,doubt
2431,2431,52.355.141,4.837.472,success
2432,2432,52.347.277,484.719,doubt
2433,2433,52.382.417,4.885.611,doubt
2434,2434,52.332.122,4.888.758,success
2435,2435,52.362.122,4.898.975,success
2436,2436,52.362.122,4.898.975,success
2437,2437,52.368.394,4.869.371,success
2438,2438,52.368.394,4.869.371,success
2439,2439,52.079.237,4.364.192,success
2440,2440,52.365.245,4.873.854,doubt
2441,2441,5.235.135,4.890.665,success
2442,2442,52.372.155,4.880.972,success
2443,2443,52.368.507,4.971.287,success
2444,2444,52.378.245,4.891.517,doubt
2445,2445,52.361.848,4.901.508,doubt
2446,2446,52.373.384,4.883.378,doubt
2447,2447,52.367.474,4.912.487,doubt
2448,2448,489.973,doubt,
2449,2449,5.235.135,4.890.665,doubt
2450,2450,52.370.327,4.880.143,success
2451,2451,52.375.846,4.893.967,doubt
2452,2452,489.973,doubt,
2453,2453,52.362.194,48.897,doubt
2454,2454,52.356.458,4.869.726,success
2455,2455,52.370.071,4.853.901,success
2456,2456,489.973,doubt,
2457,2457,489.973,doubt,
2458,2458,52.364.336,4.892.515,doubt
2459,2459,489.973,doubt,
2460,2460,52.373.834,4.939.424,success
2461,2461,52.372.279,4.864.638,success
2462,2462,5.240.231,4.930.528,doubt
2463,2463,53.138.518,6.417.461,doubt
2464,2464,52.382.417,4.885.611,doubt
2465,2465,52.347.187,4.908.138,success
2466,2466,52.363.627,492.658,doubt
2467,2467,489.973,doubt,
2468,2468,52.356.738,4.891.071,success
2469,2469,52.364.747,4.908.655,success
2470,2470,52.364.336,4.892.515,doubt
2471,2471,52.370.433,4.882.517,success
2472,2472,52.355.581,4.895.827,success
2473,2473,52.352.271,5.003.005,success
2474,2474,523.663,4.896.573,success
2475,2475,5.235.256,4.859.204,success
2476,2476,489.973,doubt,
2477,2477,52.379.812,4.884.424,success
2478,2478,52.381.927,4.885.534,success
2479,2479,52.348.604,4.846.542,success
2480,2480,52.370.353,4.894.271,doubt
2481,2481,5.239.411,4.881.776,success
2482,2482,52.365.993,4.903.332,success
2483,2483,52.355.141,4.837.472,success
2484,2484,52.355.141,4.837.472,success
2485,2485,52.355.141,4.837.472,success
2486,2486,52.354.139,4.839.292,success
2487,2487,489.973,doubt,
2488,2488,489.973,doubt,
2489,2489,52.361.512,4.899.352,success
2490,2490,52.374.955,496.701,doubt
2491,2491,52.374.887,489.878,success
2492,2492,52.355.141,4.837.472,success
2493,2493,52.365.048,4.898.317,success
2494,2494,52.363.282,4.884.683,success
2495,2495,52.374.237,4.892.394,success
2496,2496,52.382.417,4.885.611,doubt
2497,2497,52.354.812,4.901.037,doubt
2498,2498,52.336.903,4.870.836,success
2499,2499,52.367.978,488.753,success
2500,2500,52.347.017,4.785.404,doubt
2501,2501,52.367.888,4.882.155,doubt
2502,2502,52.368.555,4.939.277,success
2503,2503,52.361.512,4.899.352,success
2504,2504,52.372.204,4.850.102,doubt
2505,2505,52.372.107,4.879.002,doubt
2506,2506,489.973,doubt,
2507,2507,52.345.887,4.853.899,success
2508,2508,52.370.254,487.453,doubt
2509,2509,52.365.521,4.887.828,doubt
2510,2510,52.375.736,4.964.547,success
2511,2511,52.356.191,4.934.814,success
2512,2512,52.364.893,488.163,doubt
2513,2513,52.322.382,4.861.442,success
2514,2514,52.346.015,4.855.261,success
2515,2515,52.332.244,4.856.014,success
2516,2516,52.382.198,4.890.019,success
2517,2517,52.350.407,4.894.559,success
2518,2518,52.355.981,482.403,success
2519,2519,52.355.061,4.888.327,doubt
2520,2520,52.377.266,487.273,success
2521,2521,52.367.775,4.898.124,success
2522,2522,52.334.066,4.869.713,doubt
2523,2523,52.369.506,4.888.679,success
2524,2524,52.376.751,4.894,doubt
2525,2525,52.356.392,4.880.142,success
2526,2526,523.082,4.951.953,success
2527,2527,52.355.141,4.837.472,success
2528,2528,52.382.417,4.885.611,doubt
2529,2529,52.347.277,484.719,doubt
2530,2530,52.349.216,4.836.661,doubt
2531,2531,489.973,doubt,
2532,2532,52.368.714,4.897.962,success
2533,2533,52.339.065,4.900.357,success
2534,2534,52.324.681,4.870.934,doubt
2535,2535,52.373.029,4.894.205,success
2536,2536,52.335.008,4.878.591,success
2537,2537,489.973,doubt,
2538,2538,52.351.797,4.799.931,success
2539,2539,52.373.253,4.897.139,doubt
2540,2540,52.373.492,4.883.376,doubt
2541,2541,52.357.534,4.898.727,doubt
2542,2542,52.374.237,4.892.394,success
2543,2543,489.973,doubt,
2544,2544,52.305.018,4.948.711,success
2545,2545,52.337.674,4.895.298,success
2546,2546,5.234.303,4.897.737,doubt
2547,2547,5.234.408,4.825.815,success
2548,2548,52.353.233,4.901.677,success
2549,2549,52.362.122,4.898.975,success
2550,2550,52.345.615,4.859.659,doubt
2551,2551,52.318.848,4.949.137,doubt
2552,2552,489.973,doubt,
2553,2553,5.241.092,4.916.916,success
2554,2554,52.360.839,4.906.705,doubt
2555,2555,52.369.284,4.906.712,doubt
2556,2556,52.368.496,4.867.003,doubt
2557,2557,52.375.091,4.887.367,doubt
2558,2558,52.348.776,4.904.201,success
2559,2559,52.346.653,480.555,success
2560,2560,52.382.417,4.885.611,doubt
2561,2561,52.382.417,4.885.611,doubt
2562,2562,52.312.494,4.958.583,success
2563,2563,52.365.993,4.903.332,success
2564,2564,52.379.952,4.891.466,success
2565,2565,52.369.852,4.889.543,success
2566,2566,52.341.054,4.906.944,doubt
2567,2567,52.336.185,48.757,doubt
2568,2568,52.380.186,4.894.202,success
2569,2569,52.366.496,4.899.856,doubt
2570,2570,52.375.091,4.887.367,doubt
2571,2571,489.973,doubt,
2572,2572,52.370.763,4.890.588,doubt
2573,2573,52.384.355,487.419,doubt
2574,2574,52.344.862,4.872.064,success
2575,2575,52.309.408,498.119,success
2576,2576,52.371.294,4.879.935,success
2577,2577,52.079.237,4.364.192,success
2578,2578,52.371.053,4.902.053,success
2579,2579,doubt,,
2580,2580,52.362.122,4.898.975,success
2581,2581,5.240.672,4.915.238,success
2582,2582,5.240.672,4.915.238,success
2583,2583,52.324.358,4.858.534,success
2584,2584,489.973,doubt,
2585,2585,52.336.903,4.870.939,success
2586,2586,52.362.923,4.898.906,success
2587,2587,489.973,doubt,
2588,2588,52.369.337,4.884.995,doubt
2589,2589,52.375.098,4.870.304,doubt
2590,2590,52.401.718,484.505,doubt
2591,2591,52.338.205,4.932.423,success
2592,2592,52.382.417,4.885.611,doubt
2593,2593,52.382.417,4.885.611,doubt
2594,2594,5.235.282,4.900.169,doubt
2595,2595,52.362.615,4.898.093,success
2596,2596,52.335.616,4.848.447,success
2597,2597,52.385.764,4.832.571,success
2598,2598,52.366.956,4.890.049,success
2599,2599,52.353.668,4.868.027,success
2600,2600,52.371.294,4.879.935,success
2601,2601,52.385.429,4.893.478,success
2602,2602,52.350.707,4.856.842,success
2603,2603,52.355.139,4.864.694,doubt
2604,2604,489.973,doubt,
2605,2605,52.365.834,4.881.246,doubt
2606,2606,52.354.889,4.880.967,doubt
2607,2607,52.376.787,489.754,doubt
2608,2608,52.335.008,4.878.591,success
2609,2609,52.355.141,4.837.472,success
2610,2610,52.355.141,4.837.472,success
2611,2611,52.356.205,4.813.625,success
2612,2612,52.352.018,4.860.294,doubt
2613,2613,52.374.573,4.897.027,success
2614,2614,489.973,doubt,
2615,2615,52.354.975,4.902.331,doubt
2616,2616,52.362.122,4.898.975,success
2617,2617,52.357.652,4.908.629,success
2618,2618,52.347.301,4.846.588,success
2619,2619,52.381.324,4.816.886,doubt
2620,2620,52.333.606,4.886.865,doubt
2621,2621,52.370.348,4.923.568,success
2622,2622,52.382.048,4.872.939,doubt
2623,2623,52.344.147,4.916.024,success
2624,2624,52.382.417,4.885.611,success
2625,2625,52.382.417,4.885.611,doubt
2626,2626,52.377.832,4.883.195,doubt
2627,2627,5.238.499,4.873.596,doubt
2628,2628,52.385.121,4.868.585,success
2629,2629,52.349.213,4.922.776,success
2630,2630,52.355.825,4.908.142,doubt
2631,2631,52.337.834,4.895.596,success
2632,2632,52.365.351,4.850.889,doubt
2633,2633,52.354.637,4.886.776,doubt
2634,2634,52.354.015,4.887.531,doubt
2635,2635,52.387.337,4.882.264,doubt
2636,2636,52.381.558,4.873.958,doubt
2637,2637,52.376.536,4.861.974,doubt
2638,2638,52.377.485,4.893.503,success
2639,2639,52.347.283,4.906.991,success
2640,2640,52.351.756,4.849.909,doubt
2641,2641,52.343.825,4.877.039,doubt
2642,2642,52.365.548,487.606,success
2643,2643,52.350.681,4.942.178,success
2644,2644,52.373.454,4.848.207,doubt
2645,2645,52.354.986,4.888.597,success
2646,2646,52.350.131,4.889.248,success
2647,2647,52.360.196,4.868.172,doubt
2648,2648,5.237.083,4.869.921,doubt
2649,2649,52.361.425,4.867.673,success
2650,2650,52.356.311,4.877.838,doubt
2651,2651,52.364.881,492.613,success
2652,2652,52.354.049,4.891.303,doubt
2653,2653,52.356.277,4.936.079,doubt
2654,2654,52.360.087,4.859.776,success
2655,2655,52.358.667,4.924.208,doubt
2656,2656,52.379.823,4.849.554,doubt
2657,2657,52.347.187,4.908.138,success
2658,2658,5.235.304,4.901.633,doubt
2659,2659,52.352.417,4.894.477,success
2660,2660,52.371.934,4.880.648,doubt
2661,2661,52.370.348,4.923.568,success
2662,2662,5.236.388,4.935.987,success
2663,2663,52.324.372,4.858.176,success
2664,2664,52.345.282,4.899.033,doubt
2665,2665,52.368.561,4.865.247,success
2666,2666,52.368.981,4.848.952,doubt
2667,2667,52.343.225,4.912.571,doubt
2668,2668,52.352.717,4.899.508,doubt
2669,2669,489.973,doubt,
2670,2670,52.362.649,4.933.503,doubt
2671,2671,52.375.682,4.862.102,doubt
2672,2672,52.347.587,4.846.232,doubt
2673,2673,52.353.859,4.902.028,success
2674,2674,52.696.372,619.383,success
2675,2675,489.973,doubt,
2676,2676,52.395.771,4.879.207,success
2677,2677,52.355.084,4.891.571,doubt
2678,2678,52.376.988,4.848.619,success
2679,2679,52.348.584,4.906.378,doubt
2680,2680,52.379.572,4.878.407,doubt
2681,2681,523.653,4.882.413,success
2682,2682,52.360.346,4.861.476,doubt
2683,2683,52.353.908,4.839.065,success
2684,2684,52.353.489,4.884.279,doubt
2685,2685,5.236.703,4.837.068,success
2686,2686,52.352.634,4.835.485,success
2687,2687,52.354.387,4.903.453,doubt
